
================ Toxicity Prediction Run ================
inputFile               : combinedEbolaVirusData_InosineSimilarstructures_DORAnetGenerated_ARTprediction.csv
ARTresultsDir           : /mnt/data.ese/nfs/users/sghosh6/DTRA_project/MACAW/DrugDesignData/Results/combinedEbolaVirus_bestMACAW_allDB/
Input CSV               : /mnt/data.ese/nfs/users/sghosh6/DTRA_project/MACAW/DrugDesignData/Results/combinedEbolaVirus_bestMACAW_allDB/combinedEbolaVirusData_InosineSimilarstructures_DORAnetGenerated_ARTprediction.csv
Output CSV              : /mnt/data.ese/nfs/users/sghosh6/DTRA_project/MACAW/DrugDesignData/Results/combinedEbolaVirus_bestMACAW_allDB/combinedEbolaVirusData_InosineSimilarstructures_DORAnetGenerated_ARTprediction_wToxicity.csv
Checkpoint CSV          : /mnt/data.ese/nfs/users/sghosh6/DTRA_project/MACAW/DrugDesignData/Results/combinedEbolaVirus_bestMACAW_allDB/combinedEbolaVirusData_InosineSimilarstructures_DORAnetGenerated_ARTprediction_wToxicity_checkpoint.csv
selectSMILES            : None
batchSize               : 500
saveEveryBatch          : True
resumeFromCheckpoint    : True
deduplicateSmiles       : True
enableDiversityFilter   : True
similarityThreshold     : 0.75
fingerprintRadius       : 2
fingerprintBits         : 2048
diversityChunkSize      : 1000
saveDiversityFiltered   : True
useCanonicalFiltering   : True
=========================================================

Loaded input dataframe shape: (1989633, 8)

Applying chemical diversity filter before ADMET prediction...
Diversity chunk 1 | processed unique SMILES: 1000/1989633 | new selected: 574 | total selected: 574
Diversity chunk 2 | processed unique SMILES: 2000/1989633 | new selected: 604 | total selected: 1178
Diversity chunk 3 | processed unique SMILES: 3000/1989633 | new selected: 535 | total selected: 1713
Diversity chunk 4 | processed unique SMILES: 4000/1989633 | new selected: 316 | total selected: 2029
Diversity chunk 5 | processed unique SMILES: 5000/1989633 | new selected: 335 | total selected: 2364
Diversity chunk 6 | processed unique SMILES: 6000/1989633 | new selected: 419 | total selected: 2783
Diversity chunk 7 | processed unique SMILES: 7000/1989633 | new selected: 132 | total selected: 2915
Diversity chunk 8 | processed unique SMILES: 8000/1989633 | new selected: 357 | total selected: 3272
Diversity chunk 9 | processed unique SMILES: 9000/1989633 | new selected: 264 | total selected: 3536
Diversity chunk 10 | processed unique SMILES: 10000/1989633 | new selected: 325 | total selected: 3861
Diversity chunk 11 | processed unique SMILES: 11000/1989633 | new selected: 283 | total selected: 4144
Diversity chunk 12 | processed unique SMILES: 12000/1989633 | new selected: 240 | total selected: 4384
Diversity chunk 13 | processed unique SMILES: 13000/1989633 | new selected: 241 | total selected: 4625
Diversity chunk 14 | processed unique SMILES: 14000/1989633 | new selected: 253 | total selected: 4878
Diversity chunk 15 | processed unique SMILES: 15000/1989633 | new selected: 443 | total selected: 5321
Diversity chunk 16 | processed unique SMILES: 16000/1989633 | new selected: 353 | total selected: 5674
Diversity chunk 17 | processed unique SMILES: 17000/1989633 | new selected: 222 | total selected: 5896
Diversity chunk 18 | processed unique SMILES: 18000/1989633 | new selected: 276 | total selected: 6172
Diversity chunk 19 | processed unique SMILES: 19000/1989633 | new selected: 105 | total selected: 6277
Diversity chunk 20 | processed unique SMILES: 20000/1989633 | new selected: 264 | total selected: 6541
Diversity chunk 21 | processed unique SMILES: 21000/1989633 | new selected: 369 | total selected: 6910
Diversity chunk 22 | processed unique SMILES: 22000/1989633 | new selected: 304 | total selected: 7214
Diversity chunk 23 | processed unique SMILES: 23000/1989633 | new selected: 279 | total selected: 7493
Diversity chunk 24 | processed unique SMILES: 24000/1989633 | new selected: 341 | total selected: 7834
Diversity chunk 25 | processed unique SMILES: 25000/1989633 | new selected: 305 | total selected: 8139
Diversity chunk 26 | processed unique SMILES: 26000/1989633 | new selected: 124 | total selected: 8263
Diversity chunk 27 | processed unique SMILES: 27000/1989633 | new selected: 271 | total selected: 8534
Diversity chunk 28 | processed unique SMILES: 28000/1989633 | new selected: 293 | total selected: 8827
Diversity chunk 29 | processed unique SMILES: 29000/1989633 | new selected: 235 | total selected: 9062
Diversity chunk 30 | processed unique SMILES: 30000/1989633 | new selected: 67 | total selected: 9129
Diversity chunk 31 | processed unique SMILES: 31000/1989633 | new selected: 149 | total selected: 9278
Diversity chunk 32 | processed unique SMILES: 32000/1989633 | new selected: 9 | total selected: 9287
Diversity chunk 33 | processed unique SMILES: 33000/1989633 | new selected: 31 | total selected: 9318
Diversity chunk 34 | processed unique SMILES: 34000/1989633 | new selected: 431 | total selected: 9749
Diversity chunk 35 | processed unique SMILES: 35000/1989633 | new selected: 685 | total selected: 10434
Diversity chunk 36 | processed unique SMILES: 36000/1989633 | new selected: 370 | total selected: 10804
Diversity chunk 37 | processed unique SMILES: 37000/1989633 | new selected: 322 | total selected: 11126
Diversity chunk 38 | processed unique SMILES: 38000/1989633 | new selected: 193 | total selected: 11319
Diversity chunk 39 | processed unique SMILES: 39000/1989633 | new selected: 187 | total selected: 11506
Diversity chunk 40 | processed unique SMILES: 40000/1989633 | new selected: 326 | total selected: 11832
Diversity chunk 41 | processed unique SMILES: 41000/1989633 | new selected: 341 | total selected: 12173
Diversity chunk 42 | processed unique SMILES: 42000/1989633 | new selected: 128 | total selected: 12301
Diversity chunk 43 | processed unique SMILES: 43000/1989633 | new selected: 362 | total selected: 12663
Diversity chunk 44 | processed unique SMILES: 44000/1989633 | new selected: 459 | total selected: 13122
Diversity chunk 45 | processed unique SMILES: 45000/1989633 | new selected: 397 | total selected: 13519
Diversity chunk 46 | processed unique SMILES: 46000/1989633 | new selected: 265 | total selected: 13784
Diversity chunk 47 | processed unique SMILES: 47000/1989633 | new selected: 113 | total selected: 13897
Diversity chunk 48 | processed unique SMILES: 48000/1989633 | new selected: 84 | total selected: 13981
Diversity chunk 49 | processed unique SMILES: 49000/1989633 | new selected: 249 | total selected: 14230
Diversity chunk 50 | processed unique SMILES: 50000/1989633 | new selected: 32 | total selected: 14262
Diversity chunk 51 | processed unique SMILES: 51000/1989633 | new selected: 350 | total selected: 14612
Diversity chunk 52 | processed unique SMILES: 52000/1989633 | new selected: 176 | total selected: 14788
Diversity chunk 53 | processed unique SMILES: 53000/1989633 | new selected: 25 | total selected: 14813
Diversity chunk 54 | processed unique SMILES: 54000/1989633 | new selected: 38 | total selected: 14851
Diversity chunk 55 | processed unique SMILES: 55000/1989633 | new selected: 264 | total selected: 15115
Diversity chunk 56 | processed unique SMILES: 56000/1989633 | new selected: 35 | total selected: 15150
Diversity chunk 57 | processed unique SMILES: 57000/1989633 | new selected: 209 | total selected: 15359
Diversity chunk 58 | processed unique SMILES: 58000/1989633 | new selected: 224 | total selected: 15583
Diversity chunk 59 | processed unique SMILES: 59000/1989633 | new selected: 260 | total selected: 15843
Diversity chunk 60 | processed unique SMILES: 60000/1989633 | new selected: 439 | total selected: 16282
Diversity chunk 61 | processed unique SMILES: 61000/1989633 | new selected: 198 | total selected: 16480
Diversity chunk 62 | processed unique SMILES: 62000/1989633 | new selected: 0 | total selected: 16480
Diversity chunk 63 | processed unique SMILES: 63000/1989633 | new selected: 0 | total selected: 16480
Diversity chunk 64 | processed unique SMILES: 64000/1989633 | new selected: 104 | total selected: 16584
Diversity chunk 65 | processed unique SMILES: 65000/1989633 | new selected: 311 | total selected: 16895
Diversity chunk 66 | processed unique SMILES: 66000/1989633 | new selected: 140 | total selected: 17035
Diversity chunk 67 | processed unique SMILES: 67000/1989633 | new selected: 5 | total selected: 17040
Diversity chunk 68 | processed unique SMILES: 68000/1989633 | new selected: 0 | total selected: 17040
Diversity chunk 69 | processed unique SMILES: 69000/1989633 | new selected: 1 | total selected: 17041
Diversity chunk 70 | processed unique SMILES: 70000/1989633 | new selected: 132 | total selected: 17173
Diversity chunk 71 | processed unique SMILES: 71000/1989633 | new selected: 97 | total selected: 17270
Diversity chunk 72 | processed unique SMILES: 72000/1989633 | new selected: 273 | total selected: 17543
Diversity chunk 73 | processed unique SMILES: 73000/1989633 | new selected: 525 | total selected: 18068
Diversity chunk 74 | processed unique SMILES: 74000/1989633 | new selected: 313 | total selected: 18381
Diversity chunk 75 | processed unique SMILES: 75000/1989633 | new selected: 251 | total selected: 18632
Diversity chunk 76 | processed unique SMILES: 76000/1989633 | new selected: 264 | total selected: 18896
Diversity chunk 77 | processed unique SMILES: 77000/1989633 | new selected: 56 | total selected: 18952
Diversity chunk 78 | processed unique SMILES: 78000/1989633 | new selected: 181 | total selected: 19133
Diversity chunk 79 | processed unique SMILES: 79000/1989633 | new selected: 208 | total selected: 19341
Diversity chunk 80 | processed unique SMILES: 80000/1989633 | new selected: 416 | total selected: 19757
Diversity chunk 81 | processed unique SMILES: 81000/1989633 | new selected: 370 | total selected: 20127
Diversity chunk 82 | processed unique SMILES: 82000/1989633 | new selected: 263 | total selected: 20390
Diversity chunk 83 | processed unique SMILES: 83000/1989633 | new selected: 210 | total selected: 20600
Diversity chunk 84 | processed unique SMILES: 84000/1989633 | new selected: 399 | total selected: 20999
Diversity chunk 85 | processed unique SMILES: 85000/1989633 | new selected: 304 | total selected: 21303
Diversity chunk 86 | processed unique SMILES: 86000/1989633 | new selected: 293 | total selected: 21596
Diversity chunk 87 | processed unique SMILES: 87000/1989633 | new selected: 272 | total selected: 21868
Diversity chunk 88 | processed unique SMILES: 88000/1989633 | new selected: 235 | total selected: 22103
Diversity chunk 89 | processed unique SMILES: 89000/1989633 | new selected: 319 | total selected: 22422
Diversity chunk 90 | processed unique SMILES: 90000/1989633 | new selected: 367 | total selected: 22789
Diversity chunk 91 | processed unique SMILES: 91000/1989633 | new selected: 432 | total selected: 23221
Diversity chunk 92 | processed unique SMILES: 92000/1989633 | new selected: 455 | total selected: 23676
Diversity chunk 93 | processed unique SMILES: 93000/1989633 | new selected: 294 | total selected: 23970
Diversity chunk 94 | processed unique SMILES: 94000/1989633 | new selected: 300 | total selected: 24270
Diversity chunk 95 | processed unique SMILES: 95000/1989633 | new selected: 120 | total selected: 24390
Diversity chunk 96 | processed unique SMILES: 96000/1989633 | new selected: 273 | total selected: 24663
Diversity chunk 97 | processed unique SMILES: 97000/1989633 | new selected: 250 | total selected: 24913
Diversity chunk 98 | processed unique SMILES: 98000/1989633 | new selected: 10 | total selected: 24923
Diversity chunk 99 | processed unique SMILES: 99000/1989633 | new selected: 258 | total selected: 25181
Diversity chunk 100 | processed unique SMILES: 100000/1989633 | new selected: 400 | total selected: 25581
Diversity chunk 101 | processed unique SMILES: 101000/1989633 | new selected: 284 | total selected: 25865
Diversity chunk 102 | processed unique SMILES: 102000/1989633 | new selected: 494 | total selected: 26359
Diversity chunk 103 | processed unique SMILES: 103000/1989633 | new selected: 309 | total selected: 26668
Diversity chunk 104 | processed unique SMILES: 104000/1989633 | new selected: 265 | total selected: 26933
Diversity chunk 105 | processed unique SMILES: 105000/1989633 | new selected: 50 | total selected: 26983
Diversity chunk 106 | processed unique SMILES: 106000/1989633 | new selected: 339 | total selected: 27322
Diversity chunk 107 | processed unique SMILES: 107000/1989633 | new selected: 190 | total selected: 27512
Diversity chunk 108 | processed unique SMILES: 108000/1989633 | new selected: 256 | total selected: 27768
Diversity chunk 109 | processed unique SMILES: 109000/1989633 | new selected: 219 | total selected: 27987
Diversity chunk 110 | processed unique SMILES: 110000/1989633 | new selected: 224 | total selected: 28211
Diversity chunk 111 | processed unique SMILES: 111000/1989633 | new selected: 238 | total selected: 28449
Diversity chunk 112 | processed unique SMILES: 112000/1989633 | new selected: 183 | total selected: 28632
Diversity chunk 113 | processed unique SMILES: 113000/1989633 | new selected: 58 | total selected: 28690
Diversity chunk 114 | processed unique SMILES: 114000/1989633 | new selected: 98 | total selected: 28788
Diversity chunk 115 | processed unique SMILES: 115000/1989633 | new selected: 159 | total selected: 28947
Diversity chunk 116 | processed unique SMILES: 116000/1989633 | new selected: 189 | total selected: 29136
Diversity chunk 117 | processed unique SMILES: 117000/1989633 | new selected: 361 | total selected: 29497
Diversity chunk 118 | processed unique SMILES: 118000/1989633 | new selected: 30 | total selected: 29527
Diversity chunk 119 | processed unique SMILES: 119000/1989633 | new selected: 30 | total selected: 29557
Diversity chunk 120 | processed unique SMILES: 120000/1989633 | new selected: 4 | total selected: 29561
Diversity chunk 121 | processed unique SMILES: 121000/1989633 | new selected: 208 | total selected: 29769
Diversity chunk 122 | processed unique SMILES: 122000/1989633 | new selected: 160 | total selected: 29929
Diversity chunk 123 | processed unique SMILES: 123000/1989633 | new selected: 120 | total selected: 30049
Diversity chunk 124 | processed unique SMILES: 124000/1989633 | new selected: 214 | total selected: 30263
Diversity chunk 125 | processed unique SMILES: 125000/1989633 | new selected: 201 | total selected: 30464
Diversity chunk 126 | processed unique SMILES: 126000/1989633 | new selected: 66 | total selected: 30530
Diversity chunk 127 | processed unique SMILES: 127000/1989633 | new selected: 54 | total selected: 30584
Diversity chunk 128 | processed unique SMILES: 128000/1989633 | new selected: 497 | total selected: 31081
Diversity chunk 129 | processed unique SMILES: 129000/1989633 | new selected: 501 | total selected: 31582
Diversity chunk 130 | processed unique SMILES: 130000/1989633 | new selected: 278 | total selected: 31860
Diversity chunk 131 | processed unique SMILES: 131000/1989633 | new selected: 368 | total selected: 32228
Diversity chunk 132 | processed unique SMILES: 132000/1989633 | new selected: 291 | total selected: 32519
Diversity chunk 133 | processed unique SMILES: 133000/1989633 | new selected: 243 | total selected: 32762
Diversity chunk 134 | processed unique SMILES: 134000/1989633 | new selected: 224 | total selected: 32986
Diversity chunk 135 | processed unique SMILES: 135000/1989633 | new selected: 349 | total selected: 33335
Diversity chunk 136 | processed unique SMILES: 136000/1989633 | new selected: 279 | total selected: 33614
Diversity chunk 137 | processed unique SMILES: 137000/1989633 | new selected: 162 | total selected: 33776
Diversity chunk 138 | processed unique SMILES: 138000/1989633 | new selected: 229 | total selected: 34005
Diversity chunk 139 | processed unique SMILES: 139000/1989633 | new selected: 314 | total selected: 34319
Diversity chunk 140 | processed unique SMILES: 140000/1989633 | new selected: 276 | total selected: 34595
Diversity chunk 141 | processed unique SMILES: 141000/1989633 | new selected: 168 | total selected: 34763
Diversity chunk 142 | processed unique SMILES: 142000/1989633 | new selected: 278 | total selected: 35041
Diversity chunk 143 | processed unique SMILES: 143000/1989633 | new selected: 244 | total selected: 35285
Diversity chunk 144 | processed unique SMILES: 144000/1989633 | new selected: 303 | total selected: 35588
Diversity chunk 145 | processed unique SMILES: 145000/1989633 | new selected: 328 | total selected: 35916
Diversity chunk 146 | processed unique SMILES: 146000/1989633 | new selected: 167 | total selected: 36083
Diversity chunk 147 | processed unique SMILES: 147000/1989633 | new selected: 205 | total selected: 36288
Diversity chunk 148 | processed unique SMILES: 148000/1989633 | new selected: 46 | total selected: 36334
Diversity chunk 149 | processed unique SMILES: 149000/1989633 | new selected: 76 | total selected: 36410
Diversity chunk 150 | processed unique SMILES: 150000/1989633 | new selected: 214 | total selected: 36624
Diversity chunk 151 | processed unique SMILES: 151000/1989633 | new selected: 228 | total selected: 36852
Diversity chunk 152 | processed unique SMILES: 152000/1989633 | new selected: 157 | total selected: 37009
Diversity chunk 153 | processed unique SMILES: 153000/1989633 | new selected: 312 | total selected: 37321
Diversity chunk 154 | processed unique SMILES: 154000/1989633 | new selected: 225 | total selected: 37546
Diversity chunk 155 | processed unique SMILES: 155000/1989633 | new selected: 272 | total selected: 37818
Diversity chunk 156 | processed unique SMILES: 156000/1989633 | new selected: 219 | total selected: 38037
Diversity chunk 157 | processed unique SMILES: 157000/1989633 | new selected: 413 | total selected: 38450
Diversity chunk 158 | processed unique SMILES: 158000/1989633 | new selected: 389 | total selected: 38839
Diversity chunk 159 | processed unique SMILES: 159000/1989633 | new selected: 365 | total selected: 39204
Diversity chunk 160 | processed unique SMILES: 160000/1989633 | new selected: 241 | total selected: 39445
Diversity chunk 161 | processed unique SMILES: 161000/1989633 | new selected: 169 | total selected: 39614
Diversity chunk 162 | processed unique SMILES: 162000/1989633 | new selected: 261 | total selected: 39875
Diversity chunk 163 | processed unique SMILES: 163000/1989633 | new selected: 305 | total selected: 40180
Diversity chunk 164 | processed unique SMILES: 164000/1989633 | new selected: 41 | total selected: 40221
Diversity chunk 165 | processed unique SMILES: 165000/1989633 | new selected: 55 | total selected: 40276
Diversity chunk 166 | processed unique SMILES: 166000/1989633 | new selected: 187 | total selected: 40463
Diversity chunk 167 | processed unique SMILES: 167000/1989633 | new selected: 105 | total selected: 40568
Diversity chunk 168 | processed unique SMILES: 168000/1989633 | new selected: 27 | total selected: 40595
Diversity chunk 169 | processed unique SMILES: 169000/1989633 | new selected: 377 | total selected: 40972
Diversity chunk 170 | processed unique SMILES: 170000/1989633 | new selected: 280 | total selected: 41252
Diversity chunk 171 | processed unique SMILES: 171000/1989633 | new selected: 301 | total selected: 41553
Diversity chunk 172 | processed unique SMILES: 172000/1989633 | new selected: 144 | total selected: 41697
Diversity chunk 173 | processed unique SMILES: 173000/1989633 | new selected: 256 | total selected: 41953
Diversity chunk 174 | processed unique SMILES: 174000/1989633 | new selected: 236 | total selected: 42189
Diversity chunk 175 | processed unique SMILES: 175000/1989633 | new selected: 0 | total selected: 42189
Diversity chunk 176 | processed unique SMILES: 176000/1989633 | new selected: 0 | total selected: 42189
Diversity chunk 177 | processed unique SMILES: 177000/1989633 | new selected: 0 | total selected: 42189
Diversity chunk 178 | processed unique SMILES: 178000/1989633 | new selected: 240 | total selected: 42429
Diversity chunk 179 | processed unique SMILES: 179000/1989633 | new selected: 301 | total selected: 42730
Diversity chunk 180 | processed unique SMILES: 180000/1989633 | new selected: 212 | total selected: 42942
Diversity chunk 181 | processed unique SMILES: 181000/1989633 | new selected: 284 | total selected: 43226
Diversity chunk 182 | processed unique SMILES: 182000/1989633 | new selected: 179 | total selected: 43405
Diversity chunk 183 | processed unique SMILES: 183000/1989633 | new selected: 242 | total selected: 43647
Diversity chunk 184 | processed unique SMILES: 184000/1989633 | new selected: 176 | total selected: 43823
Diversity chunk 185 | processed unique SMILES: 185000/1989633 | new selected: 194 | total selected: 44017
Diversity chunk 186 | processed unique SMILES: 186000/1989633 | new selected: 104 | total selected: 44121
Diversity chunk 187 | processed unique SMILES: 187000/1989633 | new selected: 41 | total selected: 44162
Diversity chunk 188 | processed unique SMILES: 188000/1989633 | new selected: 0 | total selected: 44162
Diversity chunk 189 | processed unique SMILES: 189000/1989633 | new selected: 94 | total selected: 44256
Diversity chunk 190 | processed unique SMILES: 190000/1989633 | new selected: 159 | total selected: 44415
Diversity chunk 191 | processed unique SMILES: 191000/1989633 | new selected: 106 | total selected: 44521
Diversity chunk 192 | processed unique SMILES: 192000/1989633 | new selected: 135 | total selected: 44656
Diversity chunk 193 | processed unique SMILES: 193000/1989633 | new selected: 0 | total selected: 44656
Diversity chunk 194 | processed unique SMILES: 194000/1989633 | new selected: 0 | total selected: 44656
Diversity chunk 195 | processed unique SMILES: 195000/1989633 | new selected: 0 | total selected: 44656
Diversity chunk 196 | processed unique SMILES: 196000/1989633 | new selected: 63 | total selected: 44719
Diversity chunk 197 | processed unique SMILES: 197000/1989633 | new selected: 284 | total selected: 45003
Diversity chunk 198 | processed unique SMILES: 198000/1989633 | new selected: 246 | total selected: 45249
Diversity chunk 199 | processed unique SMILES: 199000/1989633 | new selected: 29 | total selected: 45278
Diversity chunk 200 | processed unique SMILES: 200000/1989633 | new selected: 633 | total selected: 45911
Diversity chunk 201 | processed unique SMILES: 201000/1989633 | new selected: 457 | total selected: 46368
Diversity chunk 202 | processed unique SMILES: 202000/1989633 | new selected: 393 | total selected: 46761
Diversity chunk 203 | processed unique SMILES: 203000/1989633 | new selected: 455 | total selected: 47216
Diversity chunk 204 | processed unique SMILES: 204000/1989633 | new selected: 292 | total selected: 47508
Diversity chunk 205 | processed unique SMILES: 205000/1989633 | new selected: 472 | total selected: 47980
Diversity chunk 206 | processed unique SMILES: 206000/1989633 | new selected: 343 | total selected: 48323
Diversity chunk 207 | processed unique SMILES: 207000/1989633 | new selected: 299 | total selected: 48622
Diversity chunk 208 | processed unique SMILES: 208000/1989633 | new selected: 253 | total selected: 48875
Diversity chunk 209 | processed unique SMILES: 209000/1989633 | new selected: 410 | total selected: 49285
Diversity chunk 210 | processed unique SMILES: 210000/1989633 | new selected: 79 | total selected: 49364
Diversity chunk 211 | processed unique SMILES: 211000/1989633 | new selected: 243 | total selected: 49607
Diversity chunk 212 | processed unique SMILES: 212000/1989633 | new selected: 500 | total selected: 50107
Diversity chunk 213 | processed unique SMILES: 213000/1989633 | new selected: 295 | total selected: 50402
Diversity chunk 214 | processed unique SMILES: 214000/1989633 | new selected: 444 | total selected: 50846
Diversity chunk 215 | processed unique SMILES: 215000/1989633 | new selected: 376 | total selected: 51222
Diversity chunk 216 | processed unique SMILES: 216000/1989633 | new selected: 241 | total selected: 51463
Diversity chunk 217 | processed unique SMILES: 217000/1989633 | new selected: 236 | total selected: 51699
Diversity chunk 218 | processed unique SMILES: 218000/1989633 | new selected: 266 | total selected: 51965
Diversity chunk 219 | processed unique SMILES: 219000/1989633 | new selected: 270 | total selected: 52235
Diversity chunk 220 | processed unique SMILES: 220000/1989633 | new selected: 113 | total selected: 52348
Diversity chunk 221 | processed unique SMILES: 221000/1989633 | new selected: 7 | total selected: 52355
Diversity chunk 222 | processed unique SMILES: 222000/1989633 | new selected: 129 | total selected: 52484
Diversity chunk 223 | processed unique SMILES: 223000/1989633 | new selected: 262 | total selected: 52746
Diversity chunk 224 | processed unique SMILES: 224000/1989633 | new selected: 142 | total selected: 52888
Diversity chunk 225 | processed unique SMILES: 225000/1989633 | new selected: 44 | total selected: 52932
Diversity chunk 226 | processed unique SMILES: 226000/1989633 | new selected: 15 | total selected: 52947
Diversity chunk 227 | processed unique SMILES: 227000/1989633 | new selected: 216 | total selected: 53163
Diversity chunk 228 | processed unique SMILES: 228000/1989633 | new selected: 182 | total selected: 53345
Diversity chunk 229 | processed unique SMILES: 229000/1989633 | new selected: 315 | total selected: 53660
Diversity chunk 230 | processed unique SMILES: 230000/1989633 | new selected: 250 | total selected: 53910
Diversity chunk 231 | processed unique SMILES: 231000/1989633 | new selected: 125 | total selected: 54035
Diversity chunk 232 | processed unique SMILES: 232000/1989633 | new selected: 10 | total selected: 54045
Diversity chunk 233 | processed unique SMILES: 233000/1989633 | new selected: 117 | total selected: 54162
Diversity chunk 234 | processed unique SMILES: 234000/1989633 | new selected: 0 | total selected: 54162
Diversity chunk 235 | processed unique SMILES: 235000/1989633 | new selected: 6 | total selected: 54168
Diversity chunk 236 | processed unique SMILES: 236000/1989633 | new selected: 6 | total selected: 54174
Diversity chunk 237 | processed unique SMILES: 237000/1989633 | new selected: 53 | total selected: 54227
Diversity chunk 238 | processed unique SMILES: 238000/1989633 | new selected: 57 | total selected: 54284
Diversity chunk 239 | processed unique SMILES: 239000/1989633 | new selected: 181 | total selected: 54465
Diversity chunk 240 | processed unique SMILES: 240000/1989633 | new selected: 87 | total selected: 54552
Diversity chunk 241 | processed unique SMILES: 241000/1989633 | new selected: 39 | total selected: 54591
Diversity chunk 242 | processed unique SMILES: 242000/1989633 | new selected: 45 | total selected: 54636
Diversity chunk 243 | processed unique SMILES: 243000/1989633 | new selected: 122 | total selected: 54758
Diversity chunk 244 | processed unique SMILES: 244000/1989633 | new selected: 92 | total selected: 54850
Diversity chunk 245 | processed unique SMILES: 245000/1989633 | new selected: 67 | total selected: 54917
Diversity chunk 246 | processed unique SMILES: 246000/1989633 | new selected: 26 | total selected: 54943
Diversity chunk 247 | processed unique SMILES: 247000/1989633 | new selected: 3 | total selected: 54946
Diversity chunk 248 | processed unique SMILES: 248000/1989633 | new selected: 3 | total selected: 54949
Diversity chunk 249 | processed unique SMILES: 249000/1989633 | new selected: 7 | total selected: 54956
Diversity chunk 250 | processed unique SMILES: 250000/1989633 | new selected: 32 | total selected: 54988
Diversity chunk 251 | processed unique SMILES: 251000/1989633 | new selected: 5 | total selected: 54993
Diversity chunk 252 | processed unique SMILES: 252000/1989633 | new selected: 3 | total selected: 54996
Diversity chunk 253 | processed unique SMILES: 253000/1989633 | new selected: 202 | total selected: 55198
Diversity chunk 254 | processed unique SMILES: 254000/1989633 | new selected: 97 | total selected: 55295
Diversity chunk 255 | processed unique SMILES: 255000/1989633 | new selected: 130 | total selected: 55425
Diversity chunk 256 | processed unique SMILES: 256000/1989633 | new selected: 205 | total selected: 55630
Diversity chunk 257 | processed unique SMILES: 257000/1989633 | new selected: 244 | total selected: 55874
Diversity chunk 258 | processed unique SMILES: 258000/1989633 | new selected: 231 | total selected: 56105
Diversity chunk 259 | processed unique SMILES: 259000/1989633 | new selected: 239 | total selected: 56344
Diversity chunk 260 | processed unique SMILES: 260000/1989633 | new selected: 190 | total selected: 56534
Diversity chunk 261 | processed unique SMILES: 261000/1989633 | new selected: 75 | total selected: 56609
Diversity chunk 262 | processed unique SMILES: 262000/1989633 | new selected: 264 | total selected: 56873
Diversity chunk 263 | processed unique SMILES: 263000/1989633 | new selected: 96 | total selected: 56969
Diversity chunk 264 | processed unique SMILES: 264000/1989633 | new selected: 307 | total selected: 57276
Diversity chunk 265 | processed unique SMILES: 265000/1989633 | new selected: 282 | total selected: 57558
Diversity chunk 266 | processed unique SMILES: 266000/1989633 | new selected: 291 | total selected: 57849
Diversity chunk 267 | processed unique SMILES: 267000/1989633 | new selected: 202 | total selected: 58051
Diversity chunk 268 | processed unique SMILES: 268000/1989633 | new selected: 366 | total selected: 58417
Diversity chunk 269 | processed unique SMILES: 269000/1989633 | new selected: 349 | total selected: 58766
Diversity chunk 270 | processed unique SMILES: 270000/1989633 | new selected: 292 | total selected: 59058
Diversity chunk 271 | processed unique SMILES: 271000/1989633 | new selected: 443 | total selected: 59501
Diversity chunk 272 | processed unique SMILES: 272000/1989633 | new selected: 450 | total selected: 59951
Diversity chunk 273 | processed unique SMILES: 273000/1989633 | new selected: 477 | total selected: 60428
Diversity chunk 274 | processed unique SMILES: 274000/1989633 | new selected: 373 | total selected: 60801
Diversity chunk 275 | processed unique SMILES: 275000/1989633 | new selected: 347 | total selected: 61148
Diversity chunk 276 | processed unique SMILES: 276000/1989633 | new selected: 129 | total selected: 61277
Diversity chunk 277 | processed unique SMILES: 277000/1989633 | new selected: 396 | total selected: 61673
Diversity chunk 278 | processed unique SMILES: 278000/1989633 | new selected: 328 | total selected: 62001
Diversity chunk 279 | processed unique SMILES: 279000/1989633 | new selected: 445 | total selected: 62446
Diversity chunk 280 | processed unique SMILES: 280000/1989633 | new selected: 371 | total selected: 62817
Diversity chunk 281 | processed unique SMILES: 281000/1989633 | new selected: 314 | total selected: 63131
Diversity chunk 282 | processed unique SMILES: 282000/1989633 | new selected: 173 | total selected: 63304
Diversity chunk 283 | processed unique SMILES: 283000/1989633 | new selected: 153 | total selected: 63457
Diversity chunk 284 | processed unique SMILES: 284000/1989633 | new selected: 327 | total selected: 63784
Diversity chunk 285 | processed unique SMILES: 285000/1989633 | new selected: 330 | total selected: 64114
Diversity chunk 286 | processed unique SMILES: 286000/1989633 | new selected: 382 | total selected: 64496
Diversity chunk 287 | processed unique SMILES: 287000/1989633 | new selected: 433 | total selected: 64929
Diversity chunk 288 | processed unique SMILES: 288000/1989633 | new selected: 490 | total selected: 65419
Diversity chunk 289 | processed unique SMILES: 289000/1989633 | new selected: 312 | total selected: 65731
Diversity chunk 290 | processed unique SMILES: 290000/1989633 | new selected: 257 | total selected: 65988
Diversity chunk 291 | processed unique SMILES: 291000/1989633 | new selected: 281 | total selected: 66269
Diversity chunk 292 | processed unique SMILES: 292000/1989633 | new selected: 248 | total selected: 66517
Diversity chunk 293 | processed unique SMILES: 293000/1989633 | new selected: 380 | total selected: 66897
Diversity chunk 294 | processed unique SMILES: 294000/1989633 | new selected: 351 | total selected: 67248
Diversity chunk 295 | processed unique SMILES: 295000/1989633 | new selected: 328 | total selected: 67576
Diversity chunk 296 | processed unique SMILES: 296000/1989633 | new selected: 458 | total selected: 68034
Diversity chunk 297 | processed unique SMILES: 297000/1989633 | new selected: 480 | total selected: 68514
Diversity chunk 298 | processed unique SMILES: 298000/1989633 | new selected: 271 | total selected: 68785
Diversity chunk 299 | processed unique SMILES: 299000/1989633 | new selected: 176 | total selected: 68961
Diversity chunk 300 | processed unique SMILES: 300000/1989633 | new selected: 113 | total selected: 69074
Diversity chunk 301 | processed unique SMILES: 301000/1989633 | new selected: 361 | total selected: 69435
Diversity chunk 302 | processed unique SMILES: 302000/1989633 | new selected: 174 | total selected: 69609
Diversity chunk 303 | processed unique SMILES: 303000/1989633 | new selected: 95 | total selected: 69704
Diversity chunk 304 | processed unique SMILES: 304000/1989633 | new selected: 111 | total selected: 69815
Diversity chunk 305 | processed unique SMILES: 305000/1989633 | new selected: 168 | total selected: 69983
Diversity chunk 306 | processed unique SMILES: 306000/1989633 | new selected: 144 | total selected: 70127
Diversity chunk 307 | processed unique SMILES: 307000/1989633 | new selected: 78 | total selected: 70205
Diversity chunk 308 | processed unique SMILES: 308000/1989633 | new selected: 41 | total selected: 70246
Diversity chunk 309 | processed unique SMILES: 309000/1989633 | new selected: 61 | total selected: 70307
Diversity chunk 310 | processed unique SMILES: 310000/1989633 | new selected: 371 | total selected: 70678
Diversity chunk 311 | processed unique SMILES: 311000/1989633 | new selected: 192 | total selected: 70870
Diversity chunk 312 | processed unique SMILES: 312000/1989633 | new selected: 252 | total selected: 71122
Diversity chunk 313 | processed unique SMILES: 313000/1989633 | new selected: 149 | total selected: 71271
Diversity chunk 314 | processed unique SMILES: 314000/1989633 | new selected: 150 | total selected: 71421
Diversity chunk 315 | processed unique SMILES: 315000/1989633 | new selected: 140 | total selected: 71561
Diversity chunk 316 | processed unique SMILES: 316000/1989633 | new selected: 79 | total selected: 71640
Diversity chunk 317 | processed unique SMILES: 317000/1989633 | new selected: 117 | total selected: 71757
Diversity chunk 318 | processed unique SMILES: 318000/1989633 | new selected: 12 | total selected: 71769
Diversity chunk 319 | processed unique SMILES: 319000/1989633 | new selected: 1 | total selected: 71770
Diversity chunk 320 | processed unique SMILES: 320000/1989633 | new selected: 301 | total selected: 72071
Diversity chunk 321 | processed unique SMILES: 321000/1989633 | new selected: 271 | total selected: 72342
Diversity chunk 322 | processed unique SMILES: 322000/1989633 | new selected: 256 | total selected: 72598
Diversity chunk 323 | processed unique SMILES: 323000/1989633 | new selected: 181 | total selected: 72779
Diversity chunk 324 | processed unique SMILES: 324000/1989633 | new selected: 243 | total selected: 73022
Diversity chunk 325 | processed unique SMILES: 325000/1989633 | new selected: 64 | total selected: 73086
Diversity chunk 326 | processed unique SMILES: 326000/1989633 | new selected: 27 | total selected: 73113
Diversity chunk 327 | processed unique SMILES: 327000/1989633 | new selected: 0 | total selected: 73113
Diversity chunk 328 | processed unique SMILES: 328000/1989633 | new selected: 1 | total selected: 73114
Diversity chunk 329 | processed unique SMILES: 329000/1989633 | new selected: 95 | total selected: 73209
Diversity chunk 330 | processed unique SMILES: 330000/1989633 | new selected: 0 | total selected: 73209
Diversity chunk 331 | processed unique SMILES: 331000/1989633 | new selected: 23 | total selected: 73232
Diversity chunk 332 | processed unique SMILES: 332000/1989633 | new selected: 34 | total selected: 73266
Diversity chunk 333 | processed unique SMILES: 333000/1989633 | new selected: 175 | total selected: 73441
Diversity chunk 334 | processed unique SMILES: 334000/1989633 | new selected: 95 | total selected: 73536
Diversity chunk 335 | processed unique SMILES: 335000/1989633 | new selected: 66 | total selected: 73602
Diversity chunk 336 | processed unique SMILES: 336000/1989633 | new selected: 251 | total selected: 73853
Diversity chunk 337 | processed unique SMILES: 337000/1989633 | new selected: 288 | total selected: 74141
Diversity chunk 338 | processed unique SMILES: 338000/1989633 | new selected: 63 | total selected: 74204
Diversity chunk 339 | processed unique SMILES: 339000/1989633 | new selected: 102 | total selected: 74306
Diversity chunk 340 | processed unique SMILES: 340000/1989633 | new selected: 13 | total selected: 74319
Diversity chunk 341 | processed unique SMILES: 341000/1989633 | new selected: 61 | total selected: 74380
Diversity chunk 342 | processed unique SMILES: 342000/1989633 | new selected: 255 | total selected: 74635
Diversity chunk 343 | processed unique SMILES: 343000/1989633 | new selected: 0 | total selected: 74635
Diversity chunk 344 | processed unique SMILES: 344000/1989633 | new selected: 188 | total selected: 74823
Diversity chunk 345 | processed unique SMILES: 345000/1989633 | new selected: 122 | total selected: 74945
Diversity chunk 346 | processed unique SMILES: 346000/1989633 | new selected: 57 | total selected: 75002
Diversity chunk 347 | processed unique SMILES: 347000/1989633 | new selected: 204 | total selected: 75206
Diversity chunk 348 | processed unique SMILES: 348000/1989633 | new selected: 333 | total selected: 75539
Diversity chunk 349 | processed unique SMILES: 349000/1989633 | new selected: 134 | total selected: 75673
Diversity chunk 350 | processed unique SMILES: 350000/1989633 | new selected: 273 | total selected: 75946
Diversity chunk 351 | processed unique SMILES: 351000/1989633 | new selected: 30 | total selected: 75976
Diversity chunk 352 | processed unique SMILES: 352000/1989633 | new selected: 336 | total selected: 76312
Diversity chunk 353 | processed unique SMILES: 353000/1989633 | new selected: 207 | total selected: 76519
Diversity chunk 354 | processed unique SMILES: 354000/1989633 | new selected: 123 | total selected: 76642
Diversity chunk 355 | processed unique SMILES: 355000/1989633 | new selected: 128 | total selected: 76770
Diversity chunk 356 | processed unique SMILES: 356000/1989633 | new selected: 94 | total selected: 76864
Diversity chunk 357 | processed unique SMILES: 357000/1989633 | new selected: 200 | total selected: 77064
Diversity chunk 358 | processed unique SMILES: 358000/1989633 | new selected: 117 | total selected: 77181
Diversity chunk 359 | processed unique SMILES: 359000/1989633 | new selected: 268 | total selected: 77449
Diversity chunk 360 | processed unique SMILES: 360000/1989633 | new selected: 312 | total selected: 77761
Diversity chunk 361 | processed unique SMILES: 361000/1989633 | new selected: 304 | total selected: 78065
Diversity chunk 362 | processed unique SMILES: 362000/1989633 | new selected: 263 | total selected: 78328
Diversity chunk 363 | processed unique SMILES: 363000/1989633 | new selected: 3 | total selected: 78331
Diversity chunk 364 | processed unique SMILES: 364000/1989633 | new selected: 148 | total selected: 78479
Diversity chunk 365 | processed unique SMILES: 365000/1989633 | new selected: 7 | total selected: 78486
Diversity chunk 366 | processed unique SMILES: 366000/1989633 | new selected: 67 | total selected: 78553
Diversity chunk 367 | processed unique SMILES: 367000/1989633 | new selected: 428 | total selected: 78981
Diversity chunk 368 | processed unique SMILES: 368000/1989633 | new selected: 230 | total selected: 79211
Diversity chunk 369 | processed unique SMILES: 369000/1989633 | new selected: 132 | total selected: 79343
Diversity chunk 370 | processed unique SMILES: 370000/1989633 | new selected: 159 | total selected: 79502
Diversity chunk 371 | processed unique SMILES: 371000/1989633 | new selected: 12 | total selected: 79514
Diversity chunk 372 | processed unique SMILES: 372000/1989633 | new selected: 0 | total selected: 79514
Diversity chunk 373 | processed unique SMILES: 373000/1989633 | new selected: 16 | total selected: 79530
Diversity chunk 374 | processed unique SMILES: 374000/1989633 | new selected: 13 | total selected: 79543
Diversity chunk 375 | processed unique SMILES: 375000/1989633 | new selected: 0 | total selected: 79543
Diversity chunk 376 | processed unique SMILES: 376000/1989633 | new selected: 293 | total selected: 79836
Diversity chunk 377 | processed unique SMILES: 377000/1989633 | new selected: 252 | total selected: 80088
Diversity chunk 378 | processed unique SMILES: 378000/1989633 | new selected: 187 | total selected: 80275
Diversity chunk 379 | processed unique SMILES: 379000/1989633 | new selected: 4 | total selected: 80279
Diversity chunk 380 | processed unique SMILES: 380000/1989633 | new selected: 19 | total selected: 80298
Diversity chunk 381 | processed unique SMILES: 381000/1989633 | new selected: 188 | total selected: 80486
Diversity chunk 382 | processed unique SMILES: 382000/1989633 | new selected: 254 | total selected: 80740
Diversity chunk 383 | processed unique SMILES: 383000/1989633 | new selected: 151 | total selected: 80891
Diversity chunk 384 | processed unique SMILES: 384000/1989633 | new selected: 0 | total selected: 80891
Diversity chunk 385 | processed unique SMILES: 385000/1989633 | new selected: 3 | total selected: 80894
Diversity chunk 386 | processed unique SMILES: 386000/1989633 | new selected: 3 | total selected: 80897
Diversity chunk 387 | processed unique SMILES: 387000/1989633 | new selected: 83 | total selected: 80980
Diversity chunk 388 | processed unique SMILES: 388000/1989633 | new selected: 149 | total selected: 81129
Diversity chunk 389 | processed unique SMILES: 389000/1989633 | new selected: 139 | total selected: 81268
Diversity chunk 390 | processed unique SMILES: 390000/1989633 | new selected: 262 | total selected: 81530
Diversity chunk 391 | processed unique SMILES: 391000/1989633 | new selected: 210 | total selected: 81740
Diversity chunk 392 | processed unique SMILES: 392000/1989633 | new selected: 3 | total selected: 81743
Diversity chunk 393 | processed unique SMILES: 393000/1989633 | new selected: 4 | total selected: 81747
Diversity chunk 394 | processed unique SMILES: 394000/1989633 | new selected: 143 | total selected: 81890
Diversity chunk 395 | processed unique SMILES: 395000/1989633 | new selected: 299 | total selected: 82189
Diversity chunk 396 | processed unique SMILES: 396000/1989633 | new selected: 98 | total selected: 82287
Diversity chunk 397 | processed unique SMILES: 397000/1989633 | new selected: 289 | total selected: 82576
Diversity chunk 398 | processed unique SMILES: 398000/1989633 | new selected: 275 | total selected: 82851
Diversity chunk 399 | processed unique SMILES: 399000/1989633 | new selected: 305 | total selected: 83156
Diversity chunk 400 | processed unique SMILES: 400000/1989633 | new selected: 191 | total selected: 83347
Diversity chunk 401 | processed unique SMILES: 401000/1989633 | new selected: 177 | total selected: 83524
Diversity chunk 402 | processed unique SMILES: 402000/1989633 | new selected: 273 | total selected: 83797
Diversity chunk 403 | processed unique SMILES: 403000/1989633 | new selected: 299 | total selected: 84096
Diversity chunk 404 | processed unique SMILES: 404000/1989633 | new selected: 327 | total selected: 84423
Diversity chunk 405 | processed unique SMILES: 405000/1989633 | new selected: 96 | total selected: 84519
Diversity chunk 406 | processed unique SMILES: 406000/1989633 | new selected: 440 | total selected: 84959
Diversity chunk 407 | processed unique SMILES: 407000/1989633 | new selected: 372 | total selected: 85331
Diversity chunk 408 | processed unique SMILES: 408000/1989633 | new selected: 0 | total selected: 85331
Diversity chunk 409 | processed unique SMILES: 409000/1989633 | new selected: 0 | total selected: 85331
Diversity chunk 410 | processed unique SMILES: 410000/1989633 | new selected: 0 | total selected: 85331
Diversity chunk 411 | processed unique SMILES: 411000/1989633 | new selected: 0 | total selected: 85331
Diversity chunk 412 | processed unique SMILES: 412000/1989633 | new selected: 120 | total selected: 85451
Diversity chunk 413 | processed unique SMILES: 413000/1989633 | new selected: 427 | total selected: 85878
Diversity chunk 414 | processed unique SMILES: 414000/1989633 | new selected: 261 | total selected: 86139
Diversity chunk 415 | processed unique SMILES: 415000/1989633 | new selected: 219 | total selected: 86358
Diversity chunk 416 | processed unique SMILES: 416000/1989633 | new selected: 351 | total selected: 86709
Diversity chunk 417 | processed unique SMILES: 417000/1989633 | new selected: 196 | total selected: 86905
Diversity chunk 418 | processed unique SMILES: 418000/1989633 | new selected: 267 | total selected: 87172
Diversity chunk 419 | processed unique SMILES: 419000/1989633 | new selected: 293 | total selected: 87465
Diversity chunk 420 | processed unique SMILES: 420000/1989633 | new selected: 264 | total selected: 87729
Diversity chunk 421 | processed unique SMILES: 421000/1989633 | new selected: 180 | total selected: 87909
Diversity chunk 422 | processed unique SMILES: 422000/1989633 | new selected: 0 | total selected: 87909
Diversity chunk 423 | processed unique SMILES: 423000/1989633 | new selected: 0 | total selected: 87909
Diversity chunk 424 | processed unique SMILES: 424000/1989633 | new selected: 177 | total selected: 88086
Diversity chunk 425 | processed unique SMILES: 425000/1989633 | new selected: 140 | total selected: 88226
Diversity chunk 426 | processed unique SMILES: 426000/1989633 | new selected: 0 | total selected: 88226
Diversity chunk 427 | processed unique SMILES: 427000/1989633 | new selected: 0 | total selected: 88226
Diversity chunk 428 | processed unique SMILES: 428000/1989633 | new selected: 171 | total selected: 88397
Diversity chunk 429 | processed unique SMILES: 429000/1989633 | new selected: 131 | total selected: 88528
Diversity chunk 430 | processed unique SMILES: 430000/1989633 | new selected: 0 | total selected: 88528
Diversity chunk 431 | processed unique SMILES: 431000/1989633 | new selected: 14 | total selected: 88542
Diversity chunk 432 | processed unique SMILES: 432000/1989633 | new selected: 236 | total selected: 88778
Diversity chunk 433 | processed unique SMILES: 433000/1989633 | new selected: 161 | total selected: 88939
Diversity chunk 434 | processed unique SMILES: 434000/1989633 | new selected: 342 | total selected: 89281
Diversity chunk 435 | processed unique SMILES: 435000/1989633 | new selected: 198 | total selected: 89479
Diversity chunk 436 | processed unique SMILES: 436000/1989633 | new selected: 0 | total selected: 89479
Diversity chunk 437 | processed unique SMILES: 437000/1989633 | new selected: 0 | total selected: 89479
Diversity chunk 438 | processed unique SMILES: 438000/1989633 | new selected: 0 | total selected: 89479
Diversity chunk 439 | processed unique SMILES: 439000/1989633 | new selected: 0 | total selected: 89479
Diversity chunk 440 | processed unique SMILES: 440000/1989633 | new selected: 306 | total selected: 89785
Diversity chunk 441 | processed unique SMILES: 441000/1989633 | new selected: 233 | total selected: 90018
Diversity chunk 442 | processed unique SMILES: 442000/1989633 | new selected: 0 | total selected: 90018
Diversity chunk 443 | processed unique SMILES: 443000/1989633 | new selected: 62 | total selected: 90080
Diversity chunk 444 | processed unique SMILES: 444000/1989633 | new selected: 286 | total selected: 90366
Diversity chunk 445 | processed unique SMILES: 445000/1989633 | new selected: 144 | total selected: 90510
Diversity chunk 446 | processed unique SMILES: 446000/1989633 | new selected: 175 | total selected: 90685
Diversity chunk 447 | processed unique SMILES: 447000/1989633 | new selected: 66 | total selected: 90751
Diversity chunk 448 | processed unique SMILES: 448000/1989633 | new selected: 224 | total selected: 90975
Diversity chunk 449 | processed unique SMILES: 449000/1989633 | new selected: 198 | total selected: 91173
Diversity chunk 450 | processed unique SMILES: 450000/1989633 | new selected: 0 | total selected: 91173
Diversity chunk 451 | processed unique SMILES: 451000/1989633 | new selected: 149 | total selected: 91322
Diversity chunk 452 | processed unique SMILES: 452000/1989633 | new selected: 272 | total selected: 91594
Diversity chunk 453 | processed unique SMILES: 453000/1989633 | new selected: 134 | total selected: 91728
Diversity chunk 454 | processed unique SMILES: 454000/1989633 | new selected: 234 | total selected: 91962
Diversity chunk 455 | processed unique SMILES: 455000/1989633 | new selected: 0 | total selected: 91962
Diversity chunk 456 | processed unique SMILES: 456000/1989633 | new selected: 18 | total selected: 91980
Diversity chunk 457 | processed unique SMILES: 457000/1989633 | new selected: 160 | total selected: 92140
Diversity chunk 458 | processed unique SMILES: 458000/1989633 | new selected: 0 | total selected: 92140
Diversity chunk 459 | processed unique SMILES: 459000/1989633 | new selected: 0 | total selected: 92140
Diversity chunk 460 | processed unique SMILES: 460000/1989633 | new selected: 0 | total selected: 92140
Diversity chunk 461 | processed unique SMILES: 461000/1989633 | new selected: 290 | total selected: 92430
Diversity chunk 462 | processed unique SMILES: 462000/1989633 | new selected: 286 | total selected: 92716
Diversity chunk 463 | processed unique SMILES: 463000/1989633 | new selected: 197 | total selected: 92913
Diversity chunk 464 | processed unique SMILES: 464000/1989633 | new selected: 242 | total selected: 93155
Diversity chunk 465 | processed unique SMILES: 465000/1989633 | new selected: 132 | total selected: 93287
Diversity chunk 466 | processed unique SMILES: 466000/1989633 | new selected: 124 | total selected: 93411
Diversity chunk 467 | processed unique SMILES: 467000/1989633 | new selected: 155 | total selected: 93566
Diversity chunk 468 | processed unique SMILES: 468000/1989633 | new selected: 133 | total selected: 93699
Diversity chunk 469 | processed unique SMILES: 469000/1989633 | new selected: 471 | total selected: 94170
Diversity chunk 470 | processed unique SMILES: 470000/1989633 | new selected: 384 | total selected: 94554
Diversity chunk 471 | processed unique SMILES: 471000/1989633 | new selected: 202 | total selected: 94756
Diversity chunk 472 | processed unique SMILES: 472000/1989633 | new selected: 50 | total selected: 94806
Diversity chunk 473 | processed unique SMILES: 473000/1989633 | new selected: 152 | total selected: 94958
Diversity chunk 474 | processed unique SMILES: 474000/1989633 | new selected: 9 | total selected: 94967
Diversity chunk 475 | processed unique SMILES: 475000/1989633 | new selected: 37 | total selected: 95004
Diversity chunk 476 | processed unique SMILES: 476000/1989633 | new selected: 0 | total selected: 95004
Diversity chunk 477 | processed unique SMILES: 477000/1989633 | new selected: 0 | total selected: 95004
Diversity chunk 478 | processed unique SMILES: 478000/1989633 | new selected: 0 | total selected: 95004
Diversity chunk 479 | processed unique SMILES: 479000/1989633 | new selected: 0 | total selected: 95004
Diversity chunk 480 | processed unique SMILES: 480000/1989633 | new selected: 0 | total selected: 95004
Diversity chunk 481 | processed unique SMILES: 481000/1989633 | new selected: 0 | total selected: 95004
Diversity chunk 482 | processed unique SMILES: 482000/1989633 | new selected: 0 | total selected: 95004
Diversity chunk 483 | processed unique SMILES: 483000/1989633 | new selected: 0 | total selected: 95004
Diversity chunk 484 | processed unique SMILES: 484000/1989633 | new selected: 60 | total selected: 95064
Diversity chunk 485 | processed unique SMILES: 485000/1989633 | new selected: 263 | total selected: 95327
Diversity chunk 486 | processed unique SMILES: 486000/1989633 | new selected: 45 | total selected: 95372
Diversity chunk 487 | processed unique SMILES: 487000/1989633 | new selected: 4 | total selected: 95376
Diversity chunk 488 | processed unique SMILES: 488000/1989633 | new selected: 81 | total selected: 95457
Diversity chunk 489 | processed unique SMILES: 489000/1989633 | new selected: 32 | total selected: 95489
Diversity chunk 490 | processed unique SMILES: 490000/1989633 | new selected: 148 | total selected: 95637
Diversity chunk 491 | processed unique SMILES: 491000/1989633 | new selected: 34 | total selected: 95671
Diversity chunk 492 | processed unique SMILES: 492000/1989633 | new selected: 228 | total selected: 95899
Diversity chunk 493 | processed unique SMILES: 493000/1989633 | new selected: 208 | total selected: 96107
Diversity chunk 494 | processed unique SMILES: 494000/1989633 | new selected: 254 | total selected: 96361
Diversity chunk 495 | processed unique SMILES: 495000/1989633 | new selected: 137 | total selected: 96498
Diversity chunk 496 | processed unique SMILES: 496000/1989633 | new selected: 2 | total selected: 96500
Diversity chunk 497 | processed unique SMILES: 497000/1989633 | new selected: 266 | total selected: 96766
Diversity chunk 498 | processed unique SMILES: 498000/1989633 | new selected: 338 | total selected: 97104
Diversity chunk 499 | processed unique SMILES: 499000/1989633 | new selected: 222 | total selected: 97326
Diversity chunk 500 | processed unique SMILES: 500000/1989633 | new selected: 195 | total selected: 97521
Diversity chunk 501 | processed unique SMILES: 501000/1989633 | new selected: 181 | total selected: 97702
Diversity chunk 502 | processed unique SMILES: 502000/1989633 | new selected: 225 | total selected: 97927
Diversity chunk 503 | processed unique SMILES: 503000/1989633 | new selected: 346 | total selected: 98273
Diversity chunk 504 | processed unique SMILES: 504000/1989633 | new selected: 298 | total selected: 98571
Diversity chunk 505 | processed unique SMILES: 505000/1989633 | new selected: 422 | total selected: 98993
Diversity chunk 506 | processed unique SMILES: 506000/1989633 | new selected: 389 | total selected: 99382
Diversity chunk 507 | processed unique SMILES: 507000/1989633 | new selected: 327 | total selected: 99709
Diversity chunk 508 | processed unique SMILES: 508000/1989633 | new selected: 382 | total selected: 100091
Diversity chunk 509 | processed unique SMILES: 509000/1989633 | new selected: 303 | total selected: 100394
Diversity chunk 510 | processed unique SMILES: 510000/1989633 | new selected: 346 | total selected: 100740
Diversity chunk 511 | processed unique SMILES: 511000/1989633 | new selected: 334 | total selected: 101074
Diversity chunk 512 | processed unique SMILES: 512000/1989633 | new selected: 1 | total selected: 101075
Diversity chunk 513 | processed unique SMILES: 513000/1989633 | new selected: 216 | total selected: 101291
Diversity chunk 514 | processed unique SMILES: 514000/1989633 | new selected: 458 | total selected: 101749
Diversity chunk 515 | processed unique SMILES: 515000/1989633 | new selected: 110 | total selected: 101859
Diversity chunk 516 | processed unique SMILES: 516000/1989633 | new selected: 0 | total selected: 101859
Diversity chunk 517 | processed unique SMILES: 517000/1989633 | new selected: 106 | total selected: 101965
Diversity chunk 518 | processed unique SMILES: 518000/1989633 | new selected: 102 | total selected: 102067
Diversity chunk 519 | processed unique SMILES: 519000/1989633 | new selected: 135 | total selected: 102202
Diversity chunk 520 | processed unique SMILES: 520000/1989633 | new selected: 131 | total selected: 102333
Diversity chunk 521 | processed unique SMILES: 521000/1989633 | new selected: 217 | total selected: 102550
Diversity chunk 522 | processed unique SMILES: 522000/1989633 | new selected: 410 | total selected: 102960
Diversity chunk 523 | processed unique SMILES: 523000/1989633 | new selected: 240 | total selected: 103200
Diversity chunk 524 | processed unique SMILES: 524000/1989633 | new selected: 225 | total selected: 103425
Diversity chunk 525 | processed unique SMILES: 525000/1989633 | new selected: 209 | total selected: 103634
Diversity chunk 526 | processed unique SMILES: 526000/1989633 | new selected: 213 | total selected: 103847
Diversity chunk 527 | processed unique SMILES: 527000/1989633 | new selected: 85 | total selected: 103932
Diversity chunk 528 | processed unique SMILES: 528000/1989633 | new selected: 36 | total selected: 103968
Diversity chunk 529 | processed unique SMILES: 529000/1989633 | new selected: 123 | total selected: 104091
Diversity chunk 530 | processed unique SMILES: 530000/1989633 | new selected: 135 | total selected: 104226
Diversity chunk 531 | processed unique SMILES: 531000/1989633 | new selected: 217 | total selected: 104443
Diversity chunk 532 | processed unique SMILES: 532000/1989633 | new selected: 309 | total selected: 104752
Diversity chunk 533 | processed unique SMILES: 533000/1989633 | new selected: 288 | total selected: 105040
Diversity chunk 534 | processed unique SMILES: 534000/1989633 | new selected: 350 | total selected: 105390
Diversity chunk 535 | processed unique SMILES: 535000/1989633 | new selected: 296 | total selected: 105686
Diversity chunk 536 | processed unique SMILES: 536000/1989633 | new selected: 319 | total selected: 106005
Diversity chunk 537 | processed unique SMILES: 537000/1989633 | new selected: 166 | total selected: 106171
Diversity chunk 538 | processed unique SMILES: 538000/1989633 | new selected: 239 | total selected: 106410
Diversity chunk 539 | processed unique SMILES: 539000/1989633 | new selected: 153 | total selected: 106563
Diversity chunk 540 | processed unique SMILES: 540000/1989633 | new selected: 215 | total selected: 106778
Diversity chunk 541 | processed unique SMILES: 541000/1989633 | new selected: 233 | total selected: 107011
Diversity chunk 542 | processed unique SMILES: 542000/1989633 | new selected: 249 | total selected: 107260
Diversity chunk 543 | processed unique SMILES: 543000/1989633 | new selected: 146 | total selected: 107406
Diversity chunk 544 | processed unique SMILES: 544000/1989633 | new selected: 176 | total selected: 107582
Diversity chunk 545 | processed unique SMILES: 545000/1989633 | new selected: 2 | total selected: 107584
Diversity chunk 546 | processed unique SMILES: 546000/1989633 | new selected: 3 | total selected: 107587
Diversity chunk 547 | processed unique SMILES: 547000/1989633 | new selected: 103 | total selected: 107690
Diversity chunk 548 | processed unique SMILES: 548000/1989633 | new selected: 184 | total selected: 107874
Diversity chunk 549 | processed unique SMILES: 549000/1989633 | new selected: 124 | total selected: 107998
Diversity chunk 550 | processed unique SMILES: 550000/1989633 | new selected: 153 | total selected: 108151
Diversity chunk 551 | processed unique SMILES: 551000/1989633 | new selected: 118 | total selected: 108269
Diversity chunk 552 | processed unique SMILES: 552000/1989633 | new selected: 29 | total selected: 108298
Diversity chunk 553 | processed unique SMILES: 553000/1989633 | new selected: 274 | total selected: 108572
Diversity chunk 554 | processed unique SMILES: 554000/1989633 | new selected: 238 | total selected: 108810
Diversity chunk 555 | processed unique SMILES: 555000/1989633 | new selected: 233 | total selected: 109043
Diversity chunk 556 | processed unique SMILES: 556000/1989633 | new selected: 19 | total selected: 109062
Diversity chunk 557 | processed unique SMILES: 557000/1989633 | new selected: 0 | total selected: 109062
Diversity chunk 558 | processed unique SMILES: 558000/1989633 | new selected: 214 | total selected: 109276
Diversity chunk 559 | processed unique SMILES: 559000/1989633 | new selected: 234 | total selected: 109510
Diversity chunk 560 | processed unique SMILES: 560000/1989633 | new selected: 290 | total selected: 109800
Diversity chunk 561 | processed unique SMILES: 561000/1989633 | new selected: 89 | total selected: 109889
Diversity chunk 562 | processed unique SMILES: 562000/1989633 | new selected: 156 | total selected: 110045
Diversity chunk 563 | processed unique SMILES: 563000/1989633 | new selected: 32 | total selected: 110077
Diversity chunk 564 | processed unique SMILES: 564000/1989633 | new selected: 3 | total selected: 110080
Diversity chunk 565 | processed unique SMILES: 565000/1989633 | new selected: 0 | total selected: 110080
Diversity chunk 566 | processed unique SMILES: 566000/1989633 | new selected: 83 | total selected: 110163
Diversity chunk 567 | processed unique SMILES: 567000/1989633 | new selected: 66 | total selected: 110229
Diversity chunk 568 | processed unique SMILES: 568000/1989633 | new selected: 0 | total selected: 110229
Diversity chunk 569 | processed unique SMILES: 569000/1989633 | new selected: 375 | total selected: 110604
Diversity chunk 570 | processed unique SMILES: 570000/1989633 | new selected: 109 | total selected: 110713
Diversity chunk 571 | processed unique SMILES: 571000/1989633 | new selected: 102 | total selected: 110815
Diversity chunk 572 | processed unique SMILES: 572000/1989633 | new selected: 123 | total selected: 110938
Diversity chunk 573 | processed unique SMILES: 573000/1989633 | new selected: 400 | total selected: 111338
Diversity chunk 574 | processed unique SMILES: 574000/1989633 | new selected: 144 | total selected: 111482
Diversity chunk 575 | processed unique SMILES: 575000/1989633 | new selected: 206 | total selected: 111688
Diversity chunk 576 | processed unique SMILES: 576000/1989633 | new selected: 145 | total selected: 111833
Diversity chunk 577 | processed unique SMILES: 577000/1989633 | new selected: 104 | total selected: 111937
Diversity chunk 578 | processed unique SMILES: 578000/1989633 | new selected: 67 | total selected: 112004
Diversity chunk 579 | processed unique SMILES: 579000/1989633 | new selected: 158 | total selected: 112162
Diversity chunk 580 | processed unique SMILES: 580000/1989633 | new selected: 288 | total selected: 112450
Diversity chunk 581 | processed unique SMILES: 581000/1989633 | new selected: 231 | total selected: 112681
Diversity chunk 582 | processed unique SMILES: 582000/1989633 | new selected: 249 | total selected: 112930
Diversity chunk 583 | processed unique SMILES: 583000/1989633 | new selected: 65 | total selected: 112995
Diversity chunk 584 | processed unique SMILES: 584000/1989633 | new selected: 347 | total selected: 113342
Diversity chunk 585 | processed unique SMILES: 585000/1989633 | new selected: 290 | total selected: 113632
Diversity chunk 586 | processed unique SMILES: 586000/1989633 | new selected: 288 | total selected: 113920
Diversity chunk 587 | processed unique SMILES: 587000/1989633 | new selected: 6 | total selected: 113926
Diversity chunk 588 | processed unique SMILES: 588000/1989633 | new selected: 4 | total selected: 113930
Diversity chunk 589 | processed unique SMILES: 589000/1989633 | new selected: 3 | total selected: 113933
Diversity chunk 590 | processed unique SMILES: 590000/1989633 | new selected: 93 | total selected: 114026
Diversity chunk 591 | processed unique SMILES: 591000/1989633 | new selected: 106 | total selected: 114132
Diversity chunk 592 | processed unique SMILES: 592000/1989633 | new selected: 234 | total selected: 114366
Diversity chunk 593 | processed unique SMILES: 593000/1989633 | new selected: 16 | total selected: 114382
Diversity chunk 594 | processed unique SMILES: 594000/1989633 | new selected: 0 | total selected: 114382
Diversity chunk 595 | processed unique SMILES: 595000/1989633 | new selected: 17 | total selected: 114399
Diversity chunk 596 | processed unique SMILES: 596000/1989633 | new selected: 172 | total selected: 114571
Diversity chunk 597 | processed unique SMILES: 597000/1989633 | new selected: 200 | total selected: 114771
Diversity chunk 598 | processed unique SMILES: 598000/1989633 | new selected: 215 | total selected: 114986
Diversity chunk 599 | processed unique SMILES: 599000/1989633 | new selected: 22 | total selected: 115008
Diversity chunk 600 | processed unique SMILES: 600000/1989633 | new selected: 33 | total selected: 115041
Diversity chunk 601 | processed unique SMILES: 601000/1989633 | new selected: 48 | total selected: 115089
Diversity chunk 602 | processed unique SMILES: 602000/1989633 | new selected: 244 | total selected: 115333
Diversity chunk 603 | processed unique SMILES: 603000/1989633 | new selected: 98 | total selected: 115431
Diversity chunk 604 | processed unique SMILES: 604000/1989633 | new selected: 44 | total selected: 115475
Diversity chunk 605 | processed unique SMILES: 605000/1989633 | new selected: 266 | total selected: 115741
Diversity chunk 606 | processed unique SMILES: 606000/1989633 | new selected: 205 | total selected: 115946
Diversity chunk 607 | processed unique SMILES: 607000/1989633 | new selected: 181 | total selected: 116127
Diversity chunk 608 | processed unique SMILES: 608000/1989633 | new selected: 190 | total selected: 116317
Diversity chunk 609 | processed unique SMILES: 609000/1989633 | new selected: 244 | total selected: 116561
Diversity chunk 610 | processed unique SMILES: 610000/1989633 | new selected: 221 | total selected: 116782
Diversity chunk 611 | processed unique SMILES: 611000/1989633 | new selected: 87 | total selected: 116869
Diversity chunk 612 | processed unique SMILES: 612000/1989633 | new selected: 0 | total selected: 116869
Diversity chunk 613 | processed unique SMILES: 613000/1989633 | new selected: 0 | total selected: 116869
Diversity chunk 614 | processed unique SMILES: 614000/1989633 | new selected: 0 | total selected: 116869
Diversity chunk 615 | processed unique SMILES: 615000/1989633 | new selected: 89 | total selected: 116958
Diversity chunk 616 | processed unique SMILES: 616000/1989633 | new selected: 40 | total selected: 116998
Diversity chunk 617 | processed unique SMILES: 617000/1989633 | new selected: 0 | total selected: 116998
Diversity chunk 618 | processed unique SMILES: 618000/1989633 | new selected: 0 | total selected: 116998
Diversity chunk 619 | processed unique SMILES: 619000/1989633 | new selected: 0 | total selected: 116998
Diversity chunk 620 | processed unique SMILES: 620000/1989633 | new selected: 0 | total selected: 116998
Diversity chunk 621 | processed unique SMILES: 621000/1989633 | new selected: 0 | total selected: 116998
Diversity chunk 622 | processed unique SMILES: 622000/1989633 | new selected: 111 | total selected: 117109
Diversity chunk 623 | processed unique SMILES: 623000/1989633 | new selected: 42 | total selected: 117151
Diversity chunk 624 | processed unique SMILES: 624000/1989633 | new selected: 112 | total selected: 117263
Diversity chunk 625 | processed unique SMILES: 625000/1989633 | new selected: 216 | total selected: 117479
Diversity chunk 626 | processed unique SMILES: 626000/1989633 | new selected: 470 | total selected: 117949
Diversity chunk 627 | processed unique SMILES: 627000/1989633 | new selected: 329 | total selected: 118278
Diversity chunk 628 | processed unique SMILES: 628000/1989633 | new selected: 430 | total selected: 118708
Diversity chunk 629 | processed unique SMILES: 629000/1989633 | new selected: 433 | total selected: 119141
Diversity chunk 630 | processed unique SMILES: 630000/1989633 | new selected: 157 | total selected: 119298
Diversity chunk 631 | processed unique SMILES: 631000/1989633 | new selected: 260 | total selected: 119558
Diversity chunk 632 | processed unique SMILES: 632000/1989633 | new selected: 244 | total selected: 119802
Diversity chunk 633 | processed unique SMILES: 633000/1989633 | new selected: 241 | total selected: 120043
Diversity chunk 634 | processed unique SMILES: 634000/1989633 | new selected: 7 | total selected: 120050
Diversity chunk 635 | processed unique SMILES: 635000/1989633 | new selected: 8 | total selected: 120058
Diversity chunk 636 | processed unique SMILES: 636000/1989633 | new selected: 1 | total selected: 120059
Diversity chunk 637 | processed unique SMILES: 637000/1989633 | new selected: 252 | total selected: 120311
Diversity chunk 638 | processed unique SMILES: 638000/1989633 | new selected: 296 | total selected: 120607
Diversity chunk 639 | processed unique SMILES: 639000/1989633 | new selected: 280 | total selected: 120887
Diversity chunk 640 | processed unique SMILES: 640000/1989633 | new selected: 91 | total selected: 120978
Diversity chunk 641 | processed unique SMILES: 641000/1989633 | new selected: 253 | total selected: 121231
Diversity chunk 642 | processed unique SMILES: 642000/1989633 | new selected: 150 | total selected: 121381
Diversity chunk 643 | processed unique SMILES: 643000/1989633 | new selected: 423 | total selected: 121804
Diversity chunk 644 | processed unique SMILES: 644000/1989633 | new selected: 261 | total selected: 122065
Diversity chunk 645 | processed unique SMILES: 645000/1989633 | new selected: 269 | total selected: 122334
Diversity chunk 646 | processed unique SMILES: 646000/1989633 | new selected: 263 | total selected: 122597
Diversity chunk 647 | processed unique SMILES: 647000/1989633 | new selected: 156 | total selected: 122753
Diversity chunk 648 | processed unique SMILES: 648000/1989633 | new selected: 43 | total selected: 122796
Diversity chunk 649 | processed unique SMILES: 649000/1989633 | new selected: 60 | total selected: 122856
Diversity chunk 650 | processed unique SMILES: 650000/1989633 | new selected: 255 | total selected: 123111
Diversity chunk 651 | processed unique SMILES: 651000/1989633 | new selected: 311 | total selected: 123422
Diversity chunk 652 | processed unique SMILES: 652000/1989633 | new selected: 219 | total selected: 123641
Diversity chunk 653 | processed unique SMILES: 653000/1989633 | new selected: 302 | total selected: 123943
Diversity chunk 654 | processed unique SMILES: 654000/1989633 | new selected: 239 | total selected: 124182
Diversity chunk 655 | processed unique SMILES: 655000/1989633 | new selected: 124 | total selected: 124306
Diversity chunk 656 | processed unique SMILES: 656000/1989633 | new selected: 3 | total selected: 124309
Diversity chunk 657 | processed unique SMILES: 657000/1989633 | new selected: 66 | total selected: 124375
Diversity chunk 658 | processed unique SMILES: 658000/1989633 | new selected: 92 | total selected: 124467
Diversity chunk 659 | processed unique SMILES: 659000/1989633 | new selected: 299 | total selected: 124766
Diversity chunk 660 | processed unique SMILES: 660000/1989633 | new selected: 196 | total selected: 124962
Diversity chunk 661 | processed unique SMILES: 661000/1989633 | new selected: 132 | total selected: 125094
Diversity chunk 662 | processed unique SMILES: 662000/1989633 | new selected: 308 | total selected: 125402
Diversity chunk 663 | processed unique SMILES: 663000/1989633 | new selected: 270 | total selected: 125672
Diversity chunk 664 | processed unique SMILES: 664000/1989633 | new selected: 138 | total selected: 125810
Diversity chunk 665 | processed unique SMILES: 665000/1989633 | new selected: 28 | total selected: 125838
Diversity chunk 666 | processed unique SMILES: 666000/1989633 | new selected: 459 | total selected: 126297
Diversity chunk 667 | processed unique SMILES: 667000/1989633 | new selected: 405 | total selected: 126702
Diversity chunk 668 | processed unique SMILES: 668000/1989633 | new selected: 224 | total selected: 126926
Diversity chunk 669 | processed unique SMILES: 669000/1989633 | new selected: 195 | total selected: 127121
Diversity chunk 670 | processed unique SMILES: 670000/1989633 | new selected: 88 | total selected: 127209
Diversity chunk 671 | processed unique SMILES: 671000/1989633 | new selected: 331 | total selected: 127540
Diversity chunk 672 | processed unique SMILES: 672000/1989633 | new selected: 251 | total selected: 127791
Diversity chunk 673 | processed unique SMILES: 673000/1989633 | new selected: 0 | total selected: 127791
Diversity chunk 674 | processed unique SMILES: 674000/1989633 | new selected: 108 | total selected: 127899
Diversity chunk 675 | processed unique SMILES: 675000/1989633 | new selected: 1 | total selected: 127900
Diversity chunk 676 | processed unique SMILES: 676000/1989633 | new selected: 0 | total selected: 127900
Diversity chunk 677 | processed unique SMILES: 677000/1989633 | new selected: 1 | total selected: 127901
Diversity chunk 678 | processed unique SMILES: 678000/1989633 | new selected: 1 | total selected: 127902
Diversity chunk 679 | processed unique SMILES: 679000/1989633 | new selected: 63 | total selected: 127965
Diversity chunk 680 | processed unique SMILES: 680000/1989633 | new selected: 219 | total selected: 128184
Diversity chunk 681 | processed unique SMILES: 681000/1989633 | new selected: 279 | total selected: 128463
Diversity chunk 682 | processed unique SMILES: 682000/1989633 | new selected: 215 | total selected: 128678
Diversity chunk 683 | processed unique SMILES: 683000/1989633 | new selected: 216 | total selected: 128894
Diversity chunk 684 | processed unique SMILES: 684000/1989633 | new selected: 194 | total selected: 129088
Diversity chunk 685 | processed unique SMILES: 685000/1989633 | new selected: 276 | total selected: 129364
Diversity chunk 686 | processed unique SMILES: 686000/1989633 | new selected: 486 | total selected: 129850
Diversity chunk 687 | processed unique SMILES: 687000/1989633 | new selected: 316 | total selected: 130166
Diversity chunk 688 | processed unique SMILES: 688000/1989633 | new selected: 328 | total selected: 130494
Diversity chunk 689 | processed unique SMILES: 689000/1989633 | new selected: 180 | total selected: 130674
Diversity chunk 690 | processed unique SMILES: 690000/1989633 | new selected: 294 | total selected: 130968
Diversity chunk 691 | processed unique SMILES: 691000/1989633 | new selected: 587 | total selected: 131555
Diversity chunk 692 | processed unique SMILES: 692000/1989633 | new selected: 0 | total selected: 131555
Diversity chunk 693 | processed unique SMILES: 693000/1989633 | new selected: 285 | total selected: 131840
Diversity chunk 694 | processed unique SMILES: 694000/1989633 | new selected: 250 | total selected: 132090
Diversity chunk 695 | processed unique SMILES: 695000/1989633 | new selected: 0 | total selected: 132090
Diversity chunk 696 | processed unique SMILES: 696000/1989633 | new selected: 41 | total selected: 132131
Diversity chunk 697 | processed unique SMILES: 697000/1989633 | new selected: 415 | total selected: 132546
Diversity chunk 698 | processed unique SMILES: 698000/1989633 | new selected: 497 | total selected: 133043
Diversity chunk 699 | processed unique SMILES: 699000/1989633 | new selected: 429 | total selected: 133472
Diversity chunk 700 | processed unique SMILES: 700000/1989633 | new selected: 331 | total selected: 133803
Diversity chunk 701 | processed unique SMILES: 701000/1989633 | new selected: 337 | total selected: 134140
Diversity chunk 702 | processed unique SMILES: 702000/1989633 | new selected: 289 | total selected: 134429
Diversity chunk 703 | processed unique SMILES: 703000/1989633 | new selected: 272 | total selected: 134701
Diversity chunk 704 | processed unique SMILES: 704000/1989633 | new selected: 202 | total selected: 134903
Diversity chunk 705 | processed unique SMILES: 705000/1989633 | new selected: 314 | total selected: 135217
Diversity chunk 706 | processed unique SMILES: 706000/1989633 | new selected: 199 | total selected: 135416
Diversity chunk 707 | processed unique SMILES: 707000/1989633 | new selected: 137 | total selected: 135553
Diversity chunk 708 | processed unique SMILES: 708000/1989633 | new selected: 173 | total selected: 135726
Diversity chunk 709 | processed unique SMILES: 709000/1989633 | new selected: 45 | total selected: 135771
Diversity chunk 710 | processed unique SMILES: 710000/1989633 | new selected: 0 | total selected: 135771
Diversity chunk 711 | processed unique SMILES: 711000/1989633 | new selected: 359 | total selected: 136130
Diversity chunk 712 | processed unique SMILES: 712000/1989633 | new selected: 3 | total selected: 136133
Diversity chunk 713 | processed unique SMILES: 713000/1989633 | new selected: 116 | total selected: 136249
Diversity chunk 714 | processed unique SMILES: 714000/1989633 | new selected: 27 | total selected: 136276
Diversity chunk 715 | processed unique SMILES: 715000/1989633 | new selected: 65 | total selected: 136341
Diversity chunk 716 | processed unique SMILES: 716000/1989633 | new selected: 414 | total selected: 136755
Diversity chunk 717 | processed unique SMILES: 717000/1989633 | new selected: 211 | total selected: 136966
Diversity chunk 718 | processed unique SMILES: 718000/1989633 | new selected: 43 | total selected: 137009
Diversity chunk 719 | processed unique SMILES: 719000/1989633 | new selected: 0 | total selected: 137009
Diversity chunk 720 | processed unique SMILES: 720000/1989633 | new selected: 107 | total selected: 137116
Diversity chunk 721 | processed unique SMILES: 721000/1989633 | new selected: 0 | total selected: 137116
Diversity chunk 722 | processed unique SMILES: 722000/1989633 | new selected: 103 | total selected: 137219
Diversity chunk 723 | processed unique SMILES: 723000/1989633 | new selected: 283 | total selected: 137502
Diversity chunk 724 | processed unique SMILES: 724000/1989633 | new selected: 419 | total selected: 137921
Diversity chunk 725 | processed unique SMILES: 725000/1989633 | new selected: 341 | total selected: 138262
Diversity chunk 726 | processed unique SMILES: 726000/1989633 | new selected: 274 | total selected: 138536
Diversity chunk 727 | processed unique SMILES: 727000/1989633 | new selected: 296 | total selected: 138832
Diversity chunk 728 | processed unique SMILES: 728000/1989633 | new selected: 252 | total selected: 139084
Diversity chunk 729 | processed unique SMILES: 729000/1989633 | new selected: 211 | total selected: 139295
Diversity chunk 730 | processed unique SMILES: 730000/1989633 | new selected: 312 | total selected: 139607
Diversity chunk 731 | processed unique SMILES: 731000/1989633 | new selected: 291 | total selected: 139898
Diversity chunk 732 | processed unique SMILES: 732000/1989633 | new selected: 259 | total selected: 140157
Diversity chunk 733 | processed unique SMILES: 733000/1989633 | new selected: 137 | total selected: 140294
Diversity chunk 734 | processed unique SMILES: 734000/1989633 | new selected: 0 | total selected: 140294
Diversity chunk 735 | processed unique SMILES: 735000/1989633 | new selected: 0 | total selected: 140294
Diversity chunk 736 | processed unique SMILES: 736000/1989633 | new selected: 96 | total selected: 140390
Diversity chunk 737 | processed unique SMILES: 737000/1989633 | new selected: 94 | total selected: 140484
Diversity chunk 738 | processed unique SMILES: 738000/1989633 | new selected: 439 | total selected: 140923
Diversity chunk 739 | processed unique SMILES: 739000/1989633 | new selected: 257 | total selected: 141180
Diversity chunk 740 | processed unique SMILES: 740000/1989633 | new selected: 298 | total selected: 141478
Diversity chunk 741 | processed unique SMILES: 741000/1989633 | new selected: 246 | total selected: 141724
Diversity chunk 742 | processed unique SMILES: 742000/1989633 | new selected: 133 | total selected: 141857
Diversity chunk 743 | processed unique SMILES: 743000/1989633 | new selected: 96 | total selected: 141953
Diversity chunk 744 | processed unique SMILES: 744000/1989633 | new selected: 355 | total selected: 142308
Diversity chunk 745 | processed unique SMILES: 745000/1989633 | new selected: 383 | total selected: 142691
Diversity chunk 746 | processed unique SMILES: 746000/1989633 | new selected: 238 | total selected: 142929
Diversity chunk 747 | processed unique SMILES: 747000/1989633 | new selected: 307 | total selected: 143236
Diversity chunk 748 | processed unique SMILES: 748000/1989633 | new selected: 27 | total selected: 143263
Diversity chunk 749 | processed unique SMILES: 749000/1989633 | new selected: 268 | total selected: 143531
Diversity chunk 750 | processed unique SMILES: 750000/1989633 | new selected: 212 | total selected: 143743
Diversity chunk 751 | processed unique SMILES: 751000/1989633 | new selected: 272 | total selected: 144015
Diversity chunk 752 | processed unique SMILES: 752000/1989633 | new selected: 342 | total selected: 144357
Diversity chunk 753 | processed unique SMILES: 753000/1989633 | new selected: 209 | total selected: 144566
Diversity chunk 754 | processed unique SMILES: 754000/1989633 | new selected: 324 | total selected: 144890
Diversity chunk 755 | processed unique SMILES: 755000/1989633 | new selected: 573 | total selected: 145463
Diversity chunk 756 | processed unique SMILES: 756000/1989633 | new selected: 433 | total selected: 145896
Diversity chunk 757 | processed unique SMILES: 757000/1989633 | new selected: 133 | total selected: 146029
Diversity chunk 758 | processed unique SMILES: 758000/1989633 | new selected: 187 | total selected: 146216
Diversity chunk 759 | processed unique SMILES: 759000/1989633 | new selected: 116 | total selected: 146332
Diversity chunk 760 | processed unique SMILES: 760000/1989633 | new selected: 0 | total selected: 146332
Diversity chunk 761 | processed unique SMILES: 761000/1989633 | new selected: 192 | total selected: 146524
Diversity chunk 762 | processed unique SMILES: 762000/1989633 | new selected: 379 | total selected: 146903
Diversity chunk 763 | processed unique SMILES: 763000/1989633 | new selected: 587 | total selected: 147490
Diversity chunk 764 | processed unique SMILES: 764000/1989633 | new selected: 483 | total selected: 147973
Diversity chunk 765 | processed unique SMILES: 765000/1989633 | new selected: 367 | total selected: 148340
Diversity chunk 766 | processed unique SMILES: 766000/1989633 | new selected: 297 | total selected: 148637
Diversity chunk 767 | processed unique SMILES: 767000/1989633 | new selected: 359 | total selected: 148996
Diversity chunk 768 | processed unique SMILES: 768000/1989633 | new selected: 462 | total selected: 149458
Diversity chunk 769 | processed unique SMILES: 769000/1989633 | new selected: 278 | total selected: 149736
Diversity chunk 770 | processed unique SMILES: 770000/1989633 | new selected: 295 | total selected: 150031
Diversity chunk 771 | processed unique SMILES: 771000/1989633 | new selected: 272 | total selected: 150303
Diversity chunk 772 | processed unique SMILES: 772000/1989633 | new selected: 288 | total selected: 150591
Diversity chunk 773 | processed unique SMILES: 773000/1989633 | new selected: 226 | total selected: 150817
Diversity chunk 774 | processed unique SMILES: 774000/1989633 | new selected: 311 | total selected: 151128
Diversity chunk 775 | processed unique SMILES: 775000/1989633 | new selected: 327 | total selected: 151455
Diversity chunk 776 | processed unique SMILES: 776000/1989633 | new selected: 284 | total selected: 151739
Diversity chunk 777 | processed unique SMILES: 777000/1989633 | new selected: 242 | total selected: 151981
Diversity chunk 778 | processed unique SMILES: 778000/1989633 | new selected: 220 | total selected: 152201
Diversity chunk 779 | processed unique SMILES: 779000/1989633 | new selected: 90 | total selected: 152291
Diversity chunk 780 | processed unique SMILES: 780000/1989633 | new selected: 111 | total selected: 152402
Diversity chunk 781 | processed unique SMILES: 781000/1989633 | new selected: 51 | total selected: 152453
Diversity chunk 782 | processed unique SMILES: 782000/1989633 | new selected: 201 | total selected: 152654
Diversity chunk 783 | processed unique SMILES: 783000/1989633 | new selected: 438 | total selected: 153092
Diversity chunk 784 | processed unique SMILES: 784000/1989633 | new selected: 2 | total selected: 153094
Diversity chunk 785 | processed unique SMILES: 785000/1989633 | new selected: 0 | total selected: 153094
Diversity chunk 786 | processed unique SMILES: 786000/1989633 | new selected: 110 | total selected: 153204
Diversity chunk 787 | processed unique SMILES: 787000/1989633 | new selected: 110 | total selected: 153314
Diversity chunk 788 | processed unique SMILES: 788000/1989633 | new selected: 418 | total selected: 153732
Diversity chunk 789 | processed unique SMILES: 789000/1989633 | new selected: 270 | total selected: 154002
Diversity chunk 790 | processed unique SMILES: 790000/1989633 | new selected: 100 | total selected: 154102
Diversity chunk 791 | processed unique SMILES: 791000/1989633 | new selected: 232 | total selected: 154334
Diversity chunk 792 | processed unique SMILES: 792000/1989633 | new selected: 323 | total selected: 154657
Diversity chunk 793 | processed unique SMILES: 793000/1989633 | new selected: 409 | total selected: 155066
Diversity chunk 794 | processed unique SMILES: 794000/1989633 | new selected: 447 | total selected: 155513
Diversity chunk 795 | processed unique SMILES: 795000/1989633 | new selected: 290 | total selected: 155803
Diversity chunk 796 | processed unique SMILES: 796000/1989633 | new selected: 131 | total selected: 155934
Diversity chunk 797 | processed unique SMILES: 797000/1989633 | new selected: 132 | total selected: 156066
Diversity chunk 798 | processed unique SMILES: 798000/1989633 | new selected: 125 | total selected: 156191
Diversity chunk 799 | processed unique SMILES: 799000/1989633 | new selected: 164 | total selected: 156355
Diversity chunk 800 | processed unique SMILES: 800000/1989633 | new selected: 261 | total selected: 156616
Diversity chunk 801 | processed unique SMILES: 801000/1989633 | new selected: 225 | total selected: 156841
Diversity chunk 802 | processed unique SMILES: 802000/1989633 | new selected: 169 | total selected: 157010
Diversity chunk 803 | processed unique SMILES: 803000/1989633 | new selected: 150 | total selected: 157160
Diversity chunk 804 | processed unique SMILES: 804000/1989633 | new selected: 98 | total selected: 157258
Diversity chunk 805 | processed unique SMILES: 805000/1989633 | new selected: 186 | total selected: 157444
Diversity chunk 806 | processed unique SMILES: 806000/1989633 | new selected: 391 | total selected: 157835
Diversity chunk 807 | processed unique SMILES: 807000/1989633 | new selected: 207 | total selected: 158042
Diversity chunk 808 | processed unique SMILES: 808000/1989633 | new selected: 57 | total selected: 158099
Diversity chunk 809 | processed unique SMILES: 809000/1989633 | new selected: 133 | total selected: 158232
Diversity chunk 810 | processed unique SMILES: 810000/1989633 | new selected: 206 | total selected: 158438
Diversity chunk 811 | processed unique SMILES: 811000/1989633 | new selected: 296 | total selected: 158734
Diversity chunk 812 | processed unique SMILES: 812000/1989633 | new selected: 380 | total selected: 159114
Diversity chunk 813 | processed unique SMILES: 813000/1989633 | new selected: 283 | total selected: 159397
Diversity chunk 814 | processed unique SMILES: 814000/1989633 | new selected: 324 | total selected: 159721
Diversity chunk 815 | processed unique SMILES: 815000/1989633 | new selected: 325 | total selected: 160046
Diversity chunk 816 | processed unique SMILES: 816000/1989633 | new selected: 15 | total selected: 160061
Diversity chunk 817 | processed unique SMILES: 817000/1989633 | new selected: 176 | total selected: 160237
Diversity chunk 818 | processed unique SMILES: 818000/1989633 | new selected: 172 | total selected: 160409
Diversity chunk 819 | processed unique SMILES: 819000/1989633 | new selected: 90 | total selected: 160499
Diversity chunk 820 | processed unique SMILES: 820000/1989633 | new selected: 54 | total selected: 160553
Diversity chunk 821 | processed unique SMILES: 821000/1989633 | new selected: 141 | total selected: 160694
Diversity chunk 822 | processed unique SMILES: 822000/1989633 | new selected: 444 | total selected: 161138
Diversity chunk 823 | processed unique SMILES: 823000/1989633 | new selected: 460 | total selected: 161598
Diversity chunk 824 | processed unique SMILES: 824000/1989633 | new selected: 359 | total selected: 161957
Diversity chunk 825 | processed unique SMILES: 825000/1989633 | new selected: 511 | total selected: 162468
Diversity chunk 826 | processed unique SMILES: 826000/1989633 | new selected: 376 | total selected: 162844
Diversity chunk 827 | processed unique SMILES: 827000/1989633 | new selected: 201 | total selected: 163045
Diversity chunk 828 | processed unique SMILES: 828000/1989633 | new selected: 72 | total selected: 163117
Diversity chunk 829 | processed unique SMILES: 829000/1989633 | new selected: 590 | total selected: 163707
Diversity chunk 830 | processed unique SMILES: 830000/1989633 | new selected: 534 | total selected: 164241
Diversity chunk 831 | processed unique SMILES: 831000/1989633 | new selected: 400 | total selected: 164641
Diversity chunk 832 | processed unique SMILES: 832000/1989633 | new selected: 181 | total selected: 164822
Diversity chunk 833 | processed unique SMILES: 833000/1989633 | new selected: 128 | total selected: 164950
Diversity chunk 834 | processed unique SMILES: 834000/1989633 | new selected: 247 | total selected: 165197
Diversity chunk 835 | processed unique SMILES: 835000/1989633 | new selected: 131 | total selected: 165328
Diversity chunk 836 | processed unique SMILES: 836000/1989633 | new selected: 8 | total selected: 165336
Diversity chunk 837 | processed unique SMILES: 837000/1989633 | new selected: 24 | total selected: 165360
Diversity chunk 838 | processed unique SMILES: 838000/1989633 | new selected: 163 | total selected: 165523
Diversity chunk 839 | processed unique SMILES: 839000/1989633 | new selected: 98 | total selected: 165621
Diversity chunk 840 | processed unique SMILES: 840000/1989633 | new selected: 0 | total selected: 165621
Diversity chunk 841 | processed unique SMILES: 841000/1989633 | new selected: 0 | total selected: 165621
Diversity chunk 842 | processed unique SMILES: 842000/1989633 | new selected: 297 | total selected: 165918
Diversity chunk 843 | processed unique SMILES: 843000/1989633 | new selected: 292 | total selected: 166210
Diversity chunk 844 | processed unique SMILES: 844000/1989633 | new selected: 340 | total selected: 166550
Diversity chunk 845 | processed unique SMILES: 845000/1989633 | new selected: 21 | total selected: 166571
Diversity chunk 846 | processed unique SMILES: 846000/1989633 | new selected: 324 | total selected: 166895
Diversity chunk 847 | processed unique SMILES: 847000/1989633 | new selected: 333 | total selected: 167228
Diversity chunk 848 | processed unique SMILES: 848000/1989633 | new selected: 269 | total selected: 167497
Diversity chunk 849 | processed unique SMILES: 849000/1989633 | new selected: 266 | total selected: 167763
Diversity chunk 850 | processed unique SMILES: 850000/1989633 | new selected: 252 | total selected: 168015
Diversity chunk 851 | processed unique SMILES: 851000/1989633 | new selected: 279 | total selected: 168294
Diversity chunk 852 | processed unique SMILES: 852000/1989633 | new selected: 313 | total selected: 168607
Diversity chunk 853 | processed unique SMILES: 853000/1989633 | new selected: 601 | total selected: 169208
Diversity chunk 854 | processed unique SMILES: 854000/1989633 | new selected: 200 | total selected: 169408
Diversity chunk 855 | processed unique SMILES: 855000/1989633 | new selected: 57 | total selected: 169465
Diversity chunk 856 | processed unique SMILES: 856000/1989633 | new selected: 0 | total selected: 169465
Diversity chunk 857 | processed unique SMILES: 857000/1989633 | new selected: 0 | total selected: 169465
Diversity chunk 858 | processed unique SMILES: 858000/1989633 | new selected: 52 | total selected: 169517
Diversity chunk 859 | processed unique SMILES: 859000/1989633 | new selected: 234 | total selected: 169751
Diversity chunk 860 | processed unique SMILES: 860000/1989633 | new selected: 204 | total selected: 169955
Diversity chunk 861 | processed unique SMILES: 861000/1989633 | new selected: 514 | total selected: 170469
Diversity chunk 862 | processed unique SMILES: 862000/1989633 | new selected: 273 | total selected: 170742
Diversity chunk 863 | processed unique SMILES: 863000/1989633 | new selected: 36 | total selected: 170778
Diversity chunk 864 | processed unique SMILES: 864000/1989633 | new selected: 26 | total selected: 170804
Diversity chunk 865 | processed unique SMILES: 865000/1989633 | new selected: 6 | total selected: 170810
Diversity chunk 866 | processed unique SMILES: 866000/1989633 | new selected: 12 | total selected: 170822
Diversity chunk 867 | processed unique SMILES: 867000/1989633 | new selected: 15 | total selected: 170837
Diversity chunk 868 | processed unique SMILES: 868000/1989633 | new selected: 8 | total selected: 170845
Diversity chunk 869 | processed unique SMILES: 869000/1989633 | new selected: 12 | total selected: 170857
Diversity chunk 870 | processed unique SMILES: 870000/1989633 | new selected: 21 | total selected: 170878
Diversity chunk 871 | processed unique SMILES: 871000/1989633 | new selected: 0 | total selected: 170878
Diversity chunk 872 | processed unique SMILES: 872000/1989633 | new selected: 0 | total selected: 170878
Diversity chunk 873 | processed unique SMILES: 873000/1989633 | new selected: 2 | total selected: 170880
Diversity chunk 874 | processed unique SMILES: 874000/1989633 | new selected: 2 | total selected: 170882
Diversity chunk 875 | processed unique SMILES: 875000/1989633 | new selected: 323 | total selected: 171205
Diversity chunk 876 | processed unique SMILES: 876000/1989633 | new selected: 315 | total selected: 171520
Diversity chunk 877 | processed unique SMILES: 877000/1989633 | new selected: 94 | total selected: 171614
Diversity chunk 878 | processed unique SMILES: 878000/1989633 | new selected: 8 | total selected: 171622
Diversity chunk 879 | processed unique SMILES: 879000/1989633 | new selected: 269 | total selected: 171891
Diversity chunk 880 | processed unique SMILES: 880000/1989633 | new selected: 250 | total selected: 172141
Diversity chunk 881 | processed unique SMILES: 881000/1989633 | new selected: 172 | total selected: 172313
Diversity chunk 882 | processed unique SMILES: 882000/1989633 | new selected: 310 | total selected: 172623
Diversity chunk 883 | processed unique SMILES: 883000/1989633 | new selected: 230 | total selected: 172853
Diversity chunk 884 | processed unique SMILES: 884000/1989633 | new selected: 176 | total selected: 173029
Diversity chunk 885 | processed unique SMILES: 885000/1989633 | new selected: 1 | total selected: 173030
Diversity chunk 886 | processed unique SMILES: 886000/1989633 | new selected: 0 | total selected: 173030
Diversity chunk 887 | processed unique SMILES: 887000/1989633 | new selected: 91 | total selected: 173121
Diversity chunk 888 | processed unique SMILES: 888000/1989633 | new selected: 175 | total selected: 173296
Diversity chunk 889 | processed unique SMILES: 889000/1989633 | new selected: 31 | total selected: 173327
Diversity chunk 890 | processed unique SMILES: 890000/1989633 | new selected: 261 | total selected: 173588
Diversity chunk 891 | processed unique SMILES: 891000/1989633 | new selected: 160 | total selected: 173748
Diversity chunk 892 | processed unique SMILES: 892000/1989633 | new selected: 74 | total selected: 173822
Diversity chunk 893 | processed unique SMILES: 893000/1989633 | new selected: 143 | total selected: 173965
Diversity chunk 894 | processed unique SMILES: 894000/1989633 | new selected: 17 | total selected: 173982
Diversity chunk 895 | processed unique SMILES: 895000/1989633 | new selected: 67 | total selected: 174049
Diversity chunk 896 | processed unique SMILES: 896000/1989633 | new selected: 317 | total selected: 174366
Diversity chunk 897 | processed unique SMILES: 897000/1989633 | new selected: 227 | total selected: 174593
Diversity chunk 898 | processed unique SMILES: 898000/1989633 | new selected: 260 | total selected: 174853
Diversity chunk 899 | processed unique SMILES: 899000/1989633 | new selected: 78 | total selected: 174931
Diversity chunk 900 | processed unique SMILES: 900000/1989633 | new selected: 90 | total selected: 175021
Diversity chunk 901 | processed unique SMILES: 901000/1989633 | new selected: 177 | total selected: 175198
Diversity chunk 902 | processed unique SMILES: 902000/1989633 | new selected: 257 | total selected: 175455
Diversity chunk 903 | processed unique SMILES: 903000/1989633 | new selected: 68 | total selected: 175523
Diversity chunk 904 | processed unique SMILES: 904000/1989633 | new selected: 109 | total selected: 175632
Diversity chunk 905 | processed unique SMILES: 905000/1989633 | new selected: 7 | total selected: 175639
Diversity chunk 906 | processed unique SMILES: 906000/1989633 | new selected: 424 | total selected: 176063
Diversity chunk 907 | processed unique SMILES: 907000/1989633 | new selected: 239 | total selected: 176302
Diversity chunk 908 | processed unique SMILES: 908000/1989633 | new selected: 144 | total selected: 176446
Diversity chunk 909 | processed unique SMILES: 909000/1989633 | new selected: 57 | total selected: 176503
Diversity chunk 910 | processed unique SMILES: 910000/1989633 | new selected: 147 | total selected: 176650
Diversity chunk 911 | processed unique SMILES: 911000/1989633 | new selected: 81 | total selected: 176731
Diversity chunk 912 | processed unique SMILES: 912000/1989633 | new selected: 65 | total selected: 176796
Diversity chunk 913 | processed unique SMILES: 913000/1989633 | new selected: 0 | total selected: 176796
Diversity chunk 914 | processed unique SMILES: 914000/1989633 | new selected: 0 | total selected: 176796
Diversity chunk 915 | processed unique SMILES: 915000/1989633 | new selected: 243 | total selected: 177039
Diversity chunk 916 | processed unique SMILES: 916000/1989633 | new selected: 12 | total selected: 177051
Diversity chunk 917 | processed unique SMILES: 917000/1989633 | new selected: 278 | total selected: 177329
Diversity chunk 918 | processed unique SMILES: 918000/1989633 | new selected: 351 | total selected: 177680
Diversity chunk 919 | processed unique SMILES: 919000/1989633 | new selected: 168 | total selected: 177848
Diversity chunk 920 | processed unique SMILES: 920000/1989633 | new selected: 58 | total selected: 177906
Diversity chunk 921 | processed unique SMILES: 921000/1989633 | new selected: 0 | total selected: 177906
Diversity chunk 922 | processed unique SMILES: 922000/1989633 | new selected: 0 | total selected: 177906
Diversity chunk 923 | processed unique SMILES: 923000/1989633 | new selected: 253 | total selected: 178159
Diversity chunk 924 | processed unique SMILES: 924000/1989633 | new selected: 224 | total selected: 178383
Diversity chunk 925 | processed unique SMILES: 925000/1989633 | new selected: 52 | total selected: 178435
Diversity chunk 926 | processed unique SMILES: 926000/1989633 | new selected: 100 | total selected: 178535
Diversity chunk 927 | processed unique SMILES: 927000/1989633 | new selected: 169 | total selected: 178704
Diversity chunk 928 | processed unique SMILES: 928000/1989633 | new selected: 93 | total selected: 178797
Diversity chunk 929 | processed unique SMILES: 929000/1989633 | new selected: 92 | total selected: 178889
Diversity chunk 930 | processed unique SMILES: 930000/1989633 | new selected: 11 | total selected: 178900
Diversity chunk 931 | processed unique SMILES: 931000/1989633 | new selected: 100 | total selected: 179000
Diversity chunk 932 | processed unique SMILES: 932000/1989633 | new selected: 128 | total selected: 179128
Diversity chunk 933 | processed unique SMILES: 933000/1989633 | new selected: 92 | total selected: 179220
Diversity chunk 934 | processed unique SMILES: 934000/1989633 | new selected: 141 | total selected: 179361
Diversity chunk 935 | processed unique SMILES: 935000/1989633 | new selected: 260 | total selected: 179621
Diversity chunk 936 | processed unique SMILES: 936000/1989633 | new selected: 165 | total selected: 179786
Diversity chunk 937 | processed unique SMILES: 937000/1989633 | new selected: 42 | total selected: 179828
Diversity chunk 938 | processed unique SMILES: 938000/1989633 | new selected: 194 | total selected: 180022
Diversity chunk 939 | processed unique SMILES: 939000/1989633 | new selected: 0 | total selected: 180022
Diversity chunk 940 | processed unique SMILES: 940000/1989633 | new selected: 175 | total selected: 180197
Diversity chunk 941 | processed unique SMILES: 941000/1989633 | new selected: 45 | total selected: 180242
Diversity chunk 942 | processed unique SMILES: 942000/1989633 | new selected: 100 | total selected: 180342
Diversity chunk 943 | processed unique SMILES: 943000/1989633 | new selected: 192 | total selected: 180534
Diversity chunk 944 | processed unique SMILES: 944000/1989633 | new selected: 173 | total selected: 180707
Diversity chunk 945 | processed unique SMILES: 945000/1989633 | new selected: 451 | total selected: 181158
Diversity chunk 946 | processed unique SMILES: 946000/1989633 | new selected: 146 | total selected: 181304
Diversity chunk 947 | processed unique SMILES: 947000/1989633 | new selected: 0 | total selected: 181304
Diversity chunk 948 | processed unique SMILES: 948000/1989633 | new selected: 0 | total selected: 181304
Diversity chunk 949 | processed unique SMILES: 949000/1989633 | new selected: 64 | total selected: 181368
Diversity chunk 950 | processed unique SMILES: 950000/1989633 | new selected: 193 | total selected: 181561
Diversity chunk 951 | processed unique SMILES: 951000/1989633 | new selected: 80 | total selected: 181641
Diversity chunk 952 | processed unique SMILES: 952000/1989633 | new selected: 54 | total selected: 181695
Diversity chunk 953 | processed unique SMILES: 953000/1989633 | new selected: 3 | total selected: 181698
Diversity chunk 954 | processed unique SMILES: 954000/1989633 | new selected: 181 | total selected: 181879
Diversity chunk 955 | processed unique SMILES: 955000/1989633 | new selected: 140 | total selected: 182019
Diversity chunk 956 | processed unique SMILES: 956000/1989633 | new selected: 128 | total selected: 182147
Diversity chunk 957 | processed unique SMILES: 957000/1989633 | new selected: 68 | total selected: 182215
Diversity chunk 958 | processed unique SMILES: 958000/1989633 | new selected: 2 | total selected: 182217
Diversity chunk 959 | processed unique SMILES: 959000/1989633 | new selected: 3 | total selected: 182220
Diversity chunk 960 | processed unique SMILES: 960000/1989633 | new selected: 10 | total selected: 182230
Diversity chunk 961 | processed unique SMILES: 961000/1989633 | new selected: 40 | total selected: 182270
Diversity chunk 962 | processed unique SMILES: 962000/1989633 | new selected: 181 | total selected: 182451
Diversity chunk 963 | processed unique SMILES: 963000/1989633 | new selected: 103 | total selected: 182554
Diversity chunk 964 | processed unique SMILES: 964000/1989633 | new selected: 51 | total selected: 182605
Diversity chunk 965 | processed unique SMILES: 965000/1989633 | new selected: 237 | total selected: 182842
Diversity chunk 966 | processed unique SMILES: 966000/1989633 | new selected: 174 | total selected: 183016
Diversity chunk 967 | processed unique SMILES: 967000/1989633 | new selected: 82 | total selected: 183098
Diversity chunk 968 | processed unique SMILES: 968000/1989633 | new selected: 7 | total selected: 183105
Diversity chunk 969 | processed unique SMILES: 969000/1989633 | new selected: 16 | total selected: 183121
Diversity chunk 970 | processed unique SMILES: 970000/1989633 | new selected: 10 | total selected: 183131
Diversity chunk 971 | processed unique SMILES: 971000/1989633 | new selected: 26 | total selected: 183157
Diversity chunk 972 | processed unique SMILES: 972000/1989633 | new selected: 167 | total selected: 183324
Diversity chunk 973 | processed unique SMILES: 973000/1989633 | new selected: 86 | total selected: 183410
Diversity chunk 974 | processed unique SMILES: 974000/1989633 | new selected: 110 | total selected: 183520
Diversity chunk 975 | processed unique SMILES: 975000/1989633 | new selected: 107 | total selected: 183627
Diversity chunk 976 | processed unique SMILES: 976000/1989633 | new selected: 396 | total selected: 184023
Diversity chunk 977 | processed unique SMILES: 977000/1989633 | new selected: 331 | total selected: 184354
Diversity chunk 978 | processed unique SMILES: 978000/1989633 | new selected: 181 | total selected: 184535
Diversity chunk 979 | processed unique SMILES: 979000/1989633 | new selected: 112 | total selected: 184647
Diversity chunk 980 | processed unique SMILES: 980000/1989633 | new selected: 0 | total selected: 184647
Diversity chunk 981 | processed unique SMILES: 981000/1989633 | new selected: 177 | total selected: 184824
Diversity chunk 982 | processed unique SMILES: 982000/1989633 | new selected: 208 | total selected: 185032
Diversity chunk 983 | processed unique SMILES: 983000/1989633 | new selected: 72 | total selected: 185104
Diversity chunk 984 | processed unique SMILES: 984000/1989633 | new selected: 136 | total selected: 185240
Diversity chunk 985 | processed unique SMILES: 985000/1989633 | new selected: 75 | total selected: 185315
Diversity chunk 986 | processed unique SMILES: 986000/1989633 | new selected: 26 | total selected: 185341
Diversity chunk 987 | processed unique SMILES: 987000/1989633 | new selected: 107 | total selected: 185448
Diversity chunk 988 | processed unique SMILES: 988000/1989633 | new selected: 160 | total selected: 185608
Diversity chunk 989 | processed unique SMILES: 989000/1989633 | new selected: 270 | total selected: 185878
Diversity chunk 990 | processed unique SMILES: 990000/1989633 | new selected: 178 | total selected: 186056
Diversity chunk 991 | processed unique SMILES: 991000/1989633 | new selected: 10 | total selected: 186066
Diversity chunk 992 | processed unique SMILES: 992000/1989633 | new selected: 154 | total selected: 186220
Diversity chunk 993 | processed unique SMILES: 993000/1989633 | new selected: 59 | total selected: 186279
Diversity chunk 994 | processed unique SMILES: 994000/1989633 | new selected: 211 | total selected: 186490
Diversity chunk 995 | processed unique SMILES: 995000/1989633 | new selected: 300 | total selected: 186790
Diversity chunk 996 | processed unique SMILES: 996000/1989633 | new selected: 316 | total selected: 187106
Diversity chunk 997 | processed unique SMILES: 997000/1989633 | new selected: 303 | total selected: 187409
Diversity chunk 998 | processed unique SMILES: 998000/1989633 | new selected: 91 | total selected: 187500
Diversity chunk 999 | processed unique SMILES: 999000/1989633 | new selected: 1 | total selected: 187501
Diversity chunk 1000 | processed unique SMILES: 1000000/1989633 | new selected: 117 | total selected: 187618
Diversity chunk 1001 | processed unique SMILES: 1001000/1989633 | new selected: 167 | total selected: 187785
Diversity chunk 1002 | processed unique SMILES: 1002000/1989633 | new selected: 7 | total selected: 187792
Diversity chunk 1003 | processed unique SMILES: 1003000/1989633 | new selected: 312 | total selected: 188104
Diversity chunk 1004 | processed unique SMILES: 1004000/1989633 | new selected: 172 | total selected: 188276
Diversity chunk 1005 | processed unique SMILES: 1005000/1989633 | new selected: 263 | total selected: 188539
Diversity chunk 1006 | processed unique SMILES: 1006000/1989633 | new selected: 243 | total selected: 188782
Diversity chunk 1007 | processed unique SMILES: 1007000/1989633 | new selected: 175 | total selected: 188957
Diversity chunk 1008 | processed unique SMILES: 1008000/1989633 | new selected: 191 | total selected: 189148
Diversity chunk 1009 | processed unique SMILES: 1009000/1989633 | new selected: 64 | total selected: 189212
Diversity chunk 1010 | processed unique SMILES: 1010000/1989633 | new selected: 96 | total selected: 189308
Diversity chunk 1011 | processed unique SMILES: 1011000/1989633 | new selected: 22 | total selected: 189330
Diversity chunk 1012 | processed unique SMILES: 1012000/1989633 | new selected: 0 | total selected: 189330
Diversity chunk 1013 | processed unique SMILES: 1013000/1989633 | new selected: 0 | total selected: 189330
Diversity chunk 1014 | processed unique SMILES: 1014000/1989633 | new selected: 247 | total selected: 189577
Diversity chunk 1015 | processed unique SMILES: 1015000/1989633 | new selected: 198 | total selected: 189775
Diversity chunk 1016 | processed unique SMILES: 1016000/1989633 | new selected: 0 | total selected: 189775
Diversity chunk 1017 | processed unique SMILES: 1017000/1989633 | new selected: 7 | total selected: 189782
Diversity chunk 1018 | processed unique SMILES: 1018000/1989633 | new selected: 190 | total selected: 189972
Diversity chunk 1019 | processed unique SMILES: 1019000/1989633 | new selected: 292 | total selected: 190264
Diversity chunk 1020 | processed unique SMILES: 1020000/1989633 | new selected: 52 | total selected: 190316
Diversity chunk 1021 | processed unique SMILES: 1021000/1989633 | new selected: 0 | total selected: 190316
Diversity chunk 1022 | processed unique SMILES: 1022000/1989633 | new selected: 0 | total selected: 190316
Diversity chunk 1023 | processed unique SMILES: 1023000/1989633 | new selected: 0 | total selected: 190316
Diversity chunk 1024 | processed unique SMILES: 1024000/1989633 | new selected: 0 | total selected: 190316
Diversity chunk 1025 | processed unique SMILES: 1025000/1989633 | new selected: 0 | total selected: 190316
Diversity chunk 1026 | processed unique SMILES: 1026000/1989633 | new selected: 151 | total selected: 190467
Diversity chunk 1027 | processed unique SMILES: 1027000/1989633 | new selected: 420 | total selected: 190887
Diversity chunk 1028 | processed unique SMILES: 1028000/1989633 | new selected: 315 | total selected: 191202
Diversity chunk 1029 | processed unique SMILES: 1029000/1989633 | new selected: 179 | total selected: 191381
Diversity chunk 1030 | processed unique SMILES: 1030000/1989633 | new selected: 105 | total selected: 191486
Diversity chunk 1031 | processed unique SMILES: 1031000/1989633 | new selected: 106 | total selected: 191592
Diversity chunk 1032 | processed unique SMILES: 1032000/1989633 | new selected: 338 | total selected: 191930
Diversity chunk 1033 | processed unique SMILES: 1033000/1989633 | new selected: 431 | total selected: 192361
Diversity chunk 1034 | processed unique SMILES: 1034000/1989633 | new selected: 306 | total selected: 192667
Diversity chunk 1035 | processed unique SMILES: 1035000/1989633 | new selected: 117 | total selected: 192784
Diversity chunk 1036 | processed unique SMILES: 1036000/1989633 | new selected: 82 | total selected: 192866
Diversity chunk 1037 | processed unique SMILES: 1037000/1989633 | new selected: 128 | total selected: 192994
Diversity chunk 1038 | processed unique SMILES: 1038000/1989633 | new selected: 148 | total selected: 193142
Diversity chunk 1039 | processed unique SMILES: 1039000/1989633 | new selected: 62 | total selected: 193204
Diversity chunk 1040 | processed unique SMILES: 1040000/1989633 | new selected: 103 | total selected: 193307
Diversity chunk 1041 | processed unique SMILES: 1041000/1989633 | new selected: 76 | total selected: 193383
Diversity chunk 1042 | processed unique SMILES: 1042000/1989633 | new selected: 314 | total selected: 193697
Diversity chunk 1043 | processed unique SMILES: 1043000/1989633 | new selected: 249 | total selected: 193946
Diversity chunk 1044 | processed unique SMILES: 1044000/1989633 | new selected: 195 | total selected: 194141
Diversity chunk 1045 | processed unique SMILES: 1045000/1989633 | new selected: 240 | total selected: 194381
Diversity chunk 1046 | processed unique SMILES: 1046000/1989633 | new selected: 247 | total selected: 194628
Diversity chunk 1047 | processed unique SMILES: 1047000/1989633 | new selected: 0 | total selected: 194628
Diversity chunk 1048 | processed unique SMILES: 1048000/1989633 | new selected: 26 | total selected: 194654
Diversity chunk 1049 | processed unique SMILES: 1049000/1989633 | new selected: 198 | total selected: 194852
Diversity chunk 1050 | processed unique SMILES: 1050000/1989633 | new selected: 182 | total selected: 195034
Diversity chunk 1051 | processed unique SMILES: 1051000/1989633 | new selected: 95 | total selected: 195129
Diversity chunk 1052 | processed unique SMILES: 1052000/1989633 | new selected: 14 | total selected: 195143
Diversity chunk 1053 | processed unique SMILES: 1053000/1989633 | new selected: 53 | total selected: 195196
Diversity chunk 1054 | processed unique SMILES: 1054000/1989633 | new selected: 206 | total selected: 195402
Diversity chunk 1055 | processed unique SMILES: 1055000/1989633 | new selected: 204 | total selected: 195606
Diversity chunk 1056 | processed unique SMILES: 1056000/1989633 | new selected: 132 | total selected: 195738
Diversity chunk 1057 | processed unique SMILES: 1057000/1989633 | new selected: 550 | total selected: 196288
Diversity chunk 1058 | processed unique SMILES: 1058000/1989633 | new selected: 405 | total selected: 196693
Diversity chunk 1059 | processed unique SMILES: 1059000/1989633 | new selected: 322 | total selected: 197015
Diversity chunk 1060 | processed unique SMILES: 1060000/1989633 | new selected: 5 | total selected: 197020
Diversity chunk 1061 | processed unique SMILES: 1061000/1989633 | new selected: 72 | total selected: 197092
Diversity chunk 1062 | processed unique SMILES: 1062000/1989633 | new selected: 119 | total selected: 197211
Diversity chunk 1063 | processed unique SMILES: 1063000/1989633 | new selected: 51 | total selected: 197262
Diversity chunk 1064 | processed unique SMILES: 1064000/1989633 | new selected: 77 | total selected: 197339
Diversity chunk 1065 | processed unique SMILES: 1065000/1989633 | new selected: 243 | total selected: 197582
Diversity chunk 1066 | processed unique SMILES: 1066000/1989633 | new selected: 30 | total selected: 197612
Diversity chunk 1067 | processed unique SMILES: 1067000/1989633 | new selected: 56 | total selected: 197668
Diversity chunk 1068 | processed unique SMILES: 1068000/1989633 | new selected: 141 | total selected: 197809
Diversity chunk 1069 | processed unique SMILES: 1069000/1989633 | new selected: 197 | total selected: 198006
Diversity chunk 1070 | processed unique SMILES: 1070000/1989633 | new selected: 45 | total selected: 198051
Diversity chunk 1071 | processed unique SMILES: 1071000/1989633 | new selected: 268 | total selected: 198319
Diversity chunk 1072 | processed unique SMILES: 1072000/1989633 | new selected: 81 | total selected: 198400
Diversity chunk 1073 | processed unique SMILES: 1073000/1989633 | new selected: 5 | total selected: 198405
Diversity chunk 1074 | processed unique SMILES: 1074000/1989633 | new selected: 129 | total selected: 198534
Diversity chunk 1075 | processed unique SMILES: 1075000/1989633 | new selected: 61 | total selected: 198595
Diversity chunk 1076 | processed unique SMILES: 1076000/1989633 | new selected: 118 | total selected: 198713
Diversity chunk 1077 | processed unique SMILES: 1077000/1989633 | new selected: 26 | total selected: 198739
Diversity chunk 1078 | processed unique SMILES: 1078000/1989633 | new selected: 212 | total selected: 198951
Diversity chunk 1079 | processed unique SMILES: 1079000/1989633 | new selected: 13 | total selected: 198964
Diversity chunk 1080 | processed unique SMILES: 1080000/1989633 | new selected: 168 | total selected: 199132
Diversity chunk 1081 | processed unique SMILES: 1081000/1989633 | new selected: 365 | total selected: 199497
Diversity chunk 1082 | processed unique SMILES: 1082000/1989633 | new selected: 310 | total selected: 199807
Diversity chunk 1083 | processed unique SMILES: 1083000/1989633 | new selected: 0 | total selected: 199807
Diversity chunk 1084 | processed unique SMILES: 1084000/1989633 | new selected: 70 | total selected: 199877
Diversity chunk 1085 | processed unique SMILES: 1085000/1989633 | new selected: 16 | total selected: 199893
Diversity chunk 1086 | processed unique SMILES: 1086000/1989633 | new selected: 47 | total selected: 199940
Diversity chunk 1087 | processed unique SMILES: 1087000/1989633 | new selected: 193 | total selected: 200133
Diversity chunk 1088 | processed unique SMILES: 1088000/1989633 | new selected: 159 | total selected: 200292
Diversity chunk 1089 | processed unique SMILES: 1089000/1989633 | new selected: 193 | total selected: 200485
Diversity chunk 1090 | processed unique SMILES: 1090000/1989633 | new selected: 260 | total selected: 200745
Diversity chunk 1091 | processed unique SMILES: 1091000/1989633 | new selected: 202 | total selected: 200947
Diversity chunk 1092 | processed unique SMILES: 1092000/1989633 | new selected: 287 | total selected: 201234
Diversity chunk 1093 | processed unique SMILES: 1093000/1989633 | new selected: 267 | total selected: 201501
Diversity chunk 1094 | processed unique SMILES: 1094000/1989633 | new selected: 183 | total selected: 201684
Diversity chunk 1095 | processed unique SMILES: 1095000/1989633 | new selected: 0 | total selected: 201684
Diversity chunk 1096 | processed unique SMILES: 1096000/1989633 | new selected: 6 | total selected: 201690
Diversity chunk 1097 | processed unique SMILES: 1097000/1989633 | new selected: 63 | total selected: 201753
Diversity chunk 1098 | processed unique SMILES: 1098000/1989633 | new selected: 23 | total selected: 201776
Diversity chunk 1099 | processed unique SMILES: 1099000/1989633 | new selected: 4 | total selected: 201780
Diversity chunk 1100 | processed unique SMILES: 1100000/1989633 | new selected: 31 | total selected: 201811
Diversity chunk 1101 | processed unique SMILES: 1101000/1989633 | new selected: 156 | total selected: 201967
Diversity chunk 1102 | processed unique SMILES: 1102000/1989633 | new selected: 274 | total selected: 202241
Diversity chunk 1103 | processed unique SMILES: 1103000/1989633 | new selected: 306 | total selected: 202547
Diversity chunk 1104 | processed unique SMILES: 1104000/1989633 | new selected: 167 | total selected: 202714
Diversity chunk 1105 | processed unique SMILES: 1105000/1989633 | new selected: 52 | total selected: 202766
Diversity chunk 1106 | processed unique SMILES: 1106000/1989633 | new selected: 35 | total selected: 202801
Diversity chunk 1107 | processed unique SMILES: 1107000/1989633 | new selected: 342 | total selected: 203143
Diversity chunk 1108 | processed unique SMILES: 1108000/1989633 | new selected: 290 | total selected: 203433
Diversity chunk 1109 | processed unique SMILES: 1109000/1989633 | new selected: 203 | total selected: 203636
Diversity chunk 1110 | processed unique SMILES: 1110000/1989633 | new selected: 92 | total selected: 203728
Diversity chunk 1111 | processed unique SMILES: 1111000/1989633 | new selected: 134 | total selected: 203862
Diversity chunk 1112 | processed unique SMILES: 1112000/1989633 | new selected: 2 | total selected: 203864
Diversity chunk 1113 | processed unique SMILES: 1113000/1989633 | new selected: 4 | total selected: 203868
Diversity chunk 1114 | processed unique SMILES: 1114000/1989633 | new selected: 254 | total selected: 204122
Diversity chunk 1115 | processed unique SMILES: 1115000/1989633 | new selected: 184 | total selected: 204306
Diversity chunk 1116 | processed unique SMILES: 1116000/1989633 | new selected: 20 | total selected: 204326
Diversity chunk 1117 | processed unique SMILES: 1117000/1989633 | new selected: 121 | total selected: 204447
Diversity chunk 1118 | processed unique SMILES: 1118000/1989633 | new selected: 36 | total selected: 204483
Diversity chunk 1119 | processed unique SMILES: 1119000/1989633 | new selected: 99 | total selected: 204582
Diversity chunk 1120 | processed unique SMILES: 1120000/1989633 | new selected: 88 | total selected: 204670
Diversity chunk 1121 | processed unique SMILES: 1121000/1989633 | new selected: 149 | total selected: 204819
Diversity chunk 1122 | processed unique SMILES: 1122000/1989633 | new selected: 71 | total selected: 204890
Diversity chunk 1123 | processed unique SMILES: 1123000/1989633 | new selected: 104 | total selected: 204994
Diversity chunk 1124 | processed unique SMILES: 1124000/1989633 | new selected: 31 | total selected: 205025
Diversity chunk 1125 | processed unique SMILES: 1125000/1989633 | new selected: 178 | total selected: 205203
Diversity chunk 1126 | processed unique SMILES: 1126000/1989633 | new selected: 181 | total selected: 205384
Diversity chunk 1127 | processed unique SMILES: 1127000/1989633 | new selected: 291 | total selected: 205675
Diversity chunk 1128 | processed unique SMILES: 1128000/1989633 | new selected: 189 | total selected: 205864
Diversity chunk 1129 | processed unique SMILES: 1129000/1989633 | new selected: 1 | total selected: 205865
Diversity chunk 1130 | processed unique SMILES: 1130000/1989633 | new selected: 187 | total selected: 206052
Diversity chunk 1131 | processed unique SMILES: 1131000/1989633 | new selected: 297 | total selected: 206349
Diversity chunk 1132 | processed unique SMILES: 1132000/1989633 | new selected: 271 | total selected: 206620
Diversity chunk 1133 | processed unique SMILES: 1133000/1989633 | new selected: 254 | total selected: 206874
Diversity chunk 1134 | processed unique SMILES: 1134000/1989633 | new selected: 62 | total selected: 206936
Diversity chunk 1135 | processed unique SMILES: 1135000/1989633 | new selected: 86 | total selected: 207022
Diversity chunk 1136 | processed unique SMILES: 1136000/1989633 | new selected: 100 | total selected: 207122
Diversity chunk 1137 | processed unique SMILES: 1137000/1989633 | new selected: 146 | total selected: 207268
Diversity chunk 1138 | processed unique SMILES: 1138000/1989633 | new selected: 11 | total selected: 207279
Diversity chunk 1139 | processed unique SMILES: 1139000/1989633 | new selected: 275 | total selected: 207554
Diversity chunk 1140 | processed unique SMILES: 1140000/1989633 | new selected: 267 | total selected: 207821
Diversity chunk 1141 | processed unique SMILES: 1141000/1989633 | new selected: 293 | total selected: 208114
Diversity chunk 1142 | processed unique SMILES: 1142000/1989633 | new selected: 228 | total selected: 208342
Diversity chunk 1143 | processed unique SMILES: 1143000/1989633 | new selected: 319 | total selected: 208661
Diversity chunk 1144 | processed unique SMILES: 1144000/1989633 | new selected: 77 | total selected: 208738
Diversity chunk 1145 | processed unique SMILES: 1145000/1989633 | new selected: 37 | total selected: 208775
Diversity chunk 1146 | processed unique SMILES: 1146000/1989633 | new selected: 127 | total selected: 208902
Diversity chunk 1147 | processed unique SMILES: 1147000/1989633 | new selected: 0 | total selected: 208902
Diversity chunk 1148 | processed unique SMILES: 1148000/1989633 | new selected: 4 | total selected: 208906
Diversity chunk 1149 | processed unique SMILES: 1149000/1989633 | new selected: 179 | total selected: 209085
Diversity chunk 1150 | processed unique SMILES: 1150000/1989633 | new selected: 66 | total selected: 209151
Diversity chunk 1151 | processed unique SMILES: 1151000/1989633 | new selected: 125 | total selected: 209276
Diversity chunk 1152 | processed unique SMILES: 1152000/1989633 | new selected: 166 | total selected: 209442
Diversity chunk 1153 | processed unique SMILES: 1153000/1989633 | new selected: 97 | total selected: 209539
Diversity chunk 1154 | processed unique SMILES: 1154000/1989633 | new selected: 67 | total selected: 209606
Diversity chunk 1155 | processed unique SMILES: 1155000/1989633 | new selected: 156 | total selected: 209762
Diversity chunk 1156 | processed unique SMILES: 1156000/1989633 | new selected: 46 | total selected: 209808
Diversity chunk 1157 | processed unique SMILES: 1157000/1989633 | new selected: 106 | total selected: 209914
Diversity chunk 1158 | processed unique SMILES: 1158000/1989633 | new selected: 56 | total selected: 209970
Diversity chunk 1159 | processed unique SMILES: 1159000/1989633 | new selected: 102 | total selected: 210072
Diversity chunk 1160 | processed unique SMILES: 1160000/1989633 | new selected: 38 | total selected: 210110
Diversity chunk 1161 | processed unique SMILES: 1161000/1989633 | new selected: 3 | total selected: 210113
Diversity chunk 1162 | processed unique SMILES: 1162000/1989633 | new selected: 118 | total selected: 210231
Diversity chunk 1163 | processed unique SMILES: 1163000/1989633 | new selected: 408 | total selected: 210639
Diversity chunk 1164 | processed unique SMILES: 1164000/1989633 | new selected: 265 | total selected: 210904
Diversity chunk 1165 | processed unique SMILES: 1165000/1989633 | new selected: 245 | total selected: 211149
Diversity chunk 1166 | processed unique SMILES: 1166000/1989633 | new selected: 267 | total selected: 211416
Diversity chunk 1167 | processed unique SMILES: 1167000/1989633 | new selected: 357 | total selected: 211773
Diversity chunk 1168 | processed unique SMILES: 1168000/1989633 | new selected: 219 | total selected: 211992
Diversity chunk 1169 | processed unique SMILES: 1169000/1989633 | new selected: 309 | total selected: 212301
Diversity chunk 1170 | processed unique SMILES: 1170000/1989633 | new selected: 60 | total selected: 212361
Diversity chunk 1171 | processed unique SMILES: 1171000/1989633 | new selected: 37 | total selected: 212398
Diversity chunk 1172 | processed unique SMILES: 1172000/1989633 | new selected: 169 | total selected: 212567
Diversity chunk 1173 | processed unique SMILES: 1173000/1989633 | new selected: 227 | total selected: 212794
Diversity chunk 1174 | processed unique SMILES: 1174000/1989633 | new selected: 194 | total selected: 212988
Diversity chunk 1175 | processed unique SMILES: 1175000/1989633 | new selected: 40 | total selected: 213028
Diversity chunk 1176 | processed unique SMILES: 1176000/1989633 | new selected: 289 | total selected: 213317
Diversity chunk 1177 | processed unique SMILES: 1177000/1989633 | new selected: 12 | total selected: 213329
Diversity chunk 1178 | processed unique SMILES: 1178000/1989633 | new selected: 323 | total selected: 213652
Diversity chunk 1179 | processed unique SMILES: 1179000/1989633 | new selected: 221 | total selected: 213873
Diversity chunk 1180 | processed unique SMILES: 1180000/1989633 | new selected: 228 | total selected: 214101
Diversity chunk 1181 | processed unique SMILES: 1181000/1989633 | new selected: 9 | total selected: 214110
Diversity chunk 1182 | processed unique SMILES: 1182000/1989633 | new selected: 252 | total selected: 214362
Diversity chunk 1183 | processed unique SMILES: 1183000/1989633 | new selected: 177 | total selected: 214539
Diversity chunk 1184 | processed unique SMILES: 1184000/1989633 | new selected: 1 | total selected: 214540
Diversity chunk 1185 | processed unique SMILES: 1185000/1989633 | new selected: 3 | total selected: 214543
Diversity chunk 1186 | processed unique SMILES: 1186000/1989633 | new selected: 70 | total selected: 214613
Diversity chunk 1187 | processed unique SMILES: 1187000/1989633 | new selected: 0 | total selected: 214613
Diversity chunk 1188 | processed unique SMILES: 1188000/1989633 | new selected: 140 | total selected: 214753
Diversity chunk 1189 | processed unique SMILES: 1189000/1989633 | new selected: 155 | total selected: 214908
Diversity chunk 1190 | processed unique SMILES: 1190000/1989633 | new selected: 84 | total selected: 214992
Diversity chunk 1191 | processed unique SMILES: 1191000/1989633 | new selected: 120 | total selected: 215112
Diversity chunk 1192 | processed unique SMILES: 1192000/1989633 | new selected: 316 | total selected: 215428
Diversity chunk 1193 | processed unique SMILES: 1193000/1989633 | new selected: 308 | total selected: 215736
Diversity chunk 1194 | processed unique SMILES: 1194000/1989633 | new selected: 226 | total selected: 215962
Diversity chunk 1195 | processed unique SMILES: 1195000/1989633 | new selected: 43 | total selected: 216005
Diversity chunk 1196 | processed unique SMILES: 1196000/1989633 | new selected: 49 | total selected: 216054
Diversity chunk 1197 | processed unique SMILES: 1197000/1989633 | new selected: 382 | total selected: 216436
Diversity chunk 1198 | processed unique SMILES: 1198000/1989633 | new selected: 175 | total selected: 216611
Diversity chunk 1199 | processed unique SMILES: 1199000/1989633 | new selected: 130 | total selected: 216741
Diversity chunk 1200 | processed unique SMILES: 1200000/1989633 | new selected: 85 | total selected: 216826
Diversity chunk 1201 | processed unique SMILES: 1201000/1989633 | new selected: 153 | total selected: 216979
Diversity chunk 1202 | processed unique SMILES: 1202000/1989633 | new selected: 431 | total selected: 217410
Diversity chunk 1203 | processed unique SMILES: 1203000/1989633 | new selected: 274 | total selected: 217684
Diversity chunk 1204 | processed unique SMILES: 1204000/1989633 | new selected: 6 | total selected: 217690
Diversity chunk 1205 | processed unique SMILES: 1205000/1989633 | new selected: 65 | total selected: 217755
Diversity chunk 1206 | processed unique SMILES: 1206000/1989633 | new selected: 177 | total selected: 217932
Diversity chunk 1207 | processed unique SMILES: 1207000/1989633 | new selected: 7 | total selected: 217939
Diversity chunk 1208 | processed unique SMILES: 1208000/1989633 | new selected: 64 | total selected: 218003
Diversity chunk 1209 | processed unique SMILES: 1209000/1989633 | new selected: 172 | total selected: 218175
Diversity chunk 1210 | processed unique SMILES: 1210000/1989633 | new selected: 94 | total selected: 218269
Diversity chunk 1211 | processed unique SMILES: 1211000/1989633 | new selected: 87 | total selected: 218356
Diversity chunk 1212 | processed unique SMILES: 1212000/1989633 | new selected: 347 | total selected: 218703
Diversity chunk 1213 | processed unique SMILES: 1213000/1989633 | new selected: 538 | total selected: 219241
Diversity chunk 1214 | processed unique SMILES: 1214000/1989633 | new selected: 522 | total selected: 219763
Diversity chunk 1215 | processed unique SMILES: 1215000/1989633 | new selected: 361 | total selected: 220124
Diversity chunk 1216 | processed unique SMILES: 1216000/1989633 | new selected: 268 | total selected: 220392
Diversity chunk 1217 | processed unique SMILES: 1217000/1989633 | new selected: 195 | total selected: 220587
Diversity chunk 1218 | processed unique SMILES: 1218000/1989633 | new selected: 266 | total selected: 220853
Diversity chunk 1219 | processed unique SMILES: 1219000/1989633 | new selected: 41 | total selected: 220894
Diversity chunk 1220 | processed unique SMILES: 1220000/1989633 | new selected: 18 | total selected: 220912
Diversity chunk 1221 | processed unique SMILES: 1221000/1989633 | new selected: 123 | total selected: 221035
Diversity chunk 1222 | processed unique SMILES: 1222000/1989633 | new selected: 84 | total selected: 221119
Diversity chunk 1223 | processed unique SMILES: 1223000/1989633 | new selected: 129 | total selected: 221248
Diversity chunk 1224 | processed unique SMILES: 1224000/1989633 | new selected: 2 | total selected: 221250
Diversity chunk 1225 | processed unique SMILES: 1225000/1989633 | new selected: 3 | total selected: 221253
Diversity chunk 1226 | processed unique SMILES: 1226000/1989633 | new selected: 66 | total selected: 221319
Diversity chunk 1227 | processed unique SMILES: 1227000/1989633 | new selected: 177 | total selected: 221496
Diversity chunk 1228 | processed unique SMILES: 1228000/1989633 | new selected: 163 | total selected: 221659
Diversity chunk 1229 | processed unique SMILES: 1229000/1989633 | new selected: 144 | total selected: 221803
Diversity chunk 1230 | processed unique SMILES: 1230000/1989633 | new selected: 36 | total selected: 221839
Diversity chunk 1231 | processed unique SMILES: 1231000/1989633 | new selected: 103 | total selected: 221942
Diversity chunk 1232 | processed unique SMILES: 1232000/1989633 | new selected: 31 | total selected: 221973
Diversity chunk 1233 | processed unique SMILES: 1233000/1989633 | new selected: 2 | total selected: 221975
Diversity chunk 1234 | processed unique SMILES: 1234000/1989633 | new selected: 10 | total selected: 221985
Diversity chunk 1235 | processed unique SMILES: 1235000/1989633 | new selected: 207 | total selected: 222192
Diversity chunk 1236 | processed unique SMILES: 1236000/1989633 | new selected: 272 | total selected: 222464
Diversity chunk 1237 | processed unique SMILES: 1237000/1989633 | new selected: 54 | total selected: 222518
Diversity chunk 1238 | processed unique SMILES: 1238000/1989633 | new selected: 6 | total selected: 222524
Diversity chunk 1239 | processed unique SMILES: 1239000/1989633 | new selected: 146 | total selected: 222670
Diversity chunk 1240 | processed unique SMILES: 1240000/1989633 | new selected: 167 | total selected: 222837
Diversity chunk 1241 | processed unique SMILES: 1241000/1989633 | new selected: 105 | total selected: 222942
Diversity chunk 1242 | processed unique SMILES: 1242000/1989633 | new selected: 148 | total selected: 223090
Diversity chunk 1243 | processed unique SMILES: 1243000/1989633 | new selected: 22 | total selected: 223112
Diversity chunk 1244 | processed unique SMILES: 1244000/1989633 | new selected: 199 | total selected: 223311
Diversity chunk 1245 | processed unique SMILES: 1245000/1989633 | new selected: 7 | total selected: 223318
Diversity chunk 1246 | processed unique SMILES: 1246000/1989633 | new selected: 66 | total selected: 223384
Diversity chunk 1247 | processed unique SMILES: 1247000/1989633 | new selected: 181 | total selected: 223565
Diversity chunk 1248 | processed unique SMILES: 1248000/1989633 | new selected: 87 | total selected: 223652
Diversity chunk 1249 | processed unique SMILES: 1249000/1989633 | new selected: 62 | total selected: 223714
Diversity chunk 1250 | processed unique SMILES: 1250000/1989633 | new selected: 204 | total selected: 223918
Diversity chunk 1251 | processed unique SMILES: 1251000/1989633 | new selected: 173 | total selected: 224091
Diversity chunk 1252 | processed unique SMILES: 1252000/1989633 | new selected: 2 | total selected: 224093
Diversity chunk 1253 | processed unique SMILES: 1253000/1989633 | new selected: 3 | total selected: 224096
Diversity chunk 1254 | processed unique SMILES: 1254000/1989633 | new selected: 2 | total selected: 224098
Diversity chunk 1255 | processed unique SMILES: 1255000/1989633 | new selected: 5 | total selected: 224103
Diversity chunk 1256 | processed unique SMILES: 1256000/1989633 | new selected: 182 | total selected: 224285
Diversity chunk 1257 | processed unique SMILES: 1257000/1989633 | new selected: 44 | total selected: 224329
Diversity chunk 1258 | processed unique SMILES: 1258000/1989633 | new selected: 332 | total selected: 224661
Diversity chunk 1259 | processed unique SMILES: 1259000/1989633 | new selected: 166 | total selected: 224827
Diversity chunk 1260 | processed unique SMILES: 1260000/1989633 | new selected: 132 | total selected: 224959
Diversity chunk 1261 | processed unique SMILES: 1261000/1989633 | new selected: 290 | total selected: 225249
Diversity chunk 1262 | processed unique SMILES: 1262000/1989633 | new selected: 265 | total selected: 225514
Diversity chunk 1263 | processed unique SMILES: 1263000/1989633 | new selected: 48 | total selected: 225562
Diversity chunk 1264 | processed unique SMILES: 1264000/1989633 | new selected: 7 | total selected: 225569
Diversity chunk 1265 | processed unique SMILES: 1265000/1989633 | new selected: 104 | total selected: 225673
Diversity chunk 1266 | processed unique SMILES: 1266000/1989633 | new selected: 74 | total selected: 225747
Diversity chunk 1267 | processed unique SMILES: 1267000/1989633 | new selected: 0 | total selected: 225747
Diversity chunk 1268 | processed unique SMILES: 1268000/1989633 | new selected: 3 | total selected: 225750
Diversity chunk 1269 | processed unique SMILES: 1269000/1989633 | new selected: 177 | total selected: 225927
Diversity chunk 1270 | processed unique SMILES: 1270000/1989633 | new selected: 5 | total selected: 225932
Diversity chunk 1271 | processed unique SMILES: 1271000/1989633 | new selected: 62 | total selected: 225994
Diversity chunk 1272 | processed unique SMILES: 1272000/1989633 | new selected: 5 | total selected: 225999
Diversity chunk 1273 | processed unique SMILES: 1273000/1989633 | new selected: 109 | total selected: 226108
Diversity chunk 1274 | processed unique SMILES: 1274000/1989633 | new selected: 115 | total selected: 226223
Diversity chunk 1275 | processed unique SMILES: 1275000/1989633 | new selected: 282 | total selected: 226505
Diversity chunk 1276 | processed unique SMILES: 1276000/1989633 | new selected: 95 | total selected: 226600
Diversity chunk 1277 | processed unique SMILES: 1277000/1989633 | new selected: 93 | total selected: 226693
Diversity chunk 1278 | processed unique SMILES: 1278000/1989633 | new selected: 104 | total selected: 226797
Diversity chunk 1279 | processed unique SMILES: 1279000/1989633 | new selected: 242 | total selected: 227039
Diversity chunk 1280 | processed unique SMILES: 1280000/1989633 | new selected: 107 | total selected: 227146
Diversity chunk 1281 | processed unique SMILES: 1281000/1989633 | new selected: 153 | total selected: 227299
Diversity chunk 1282 | processed unique SMILES: 1282000/1989633 | new selected: 97 | total selected: 227396
Diversity chunk 1283 | processed unique SMILES: 1283000/1989633 | new selected: 65 | total selected: 227461
Diversity chunk 1284 | processed unique SMILES: 1284000/1989633 | new selected: 212 | total selected: 227673
Diversity chunk 1285 | processed unique SMILES: 1285000/1989633 | new selected: 70 | total selected: 227743
Diversity chunk 1286 | processed unique SMILES: 1286000/1989633 | new selected: 183 | total selected: 227926
Diversity chunk 1287 | processed unique SMILES: 1287000/1989633 | new selected: 150 | total selected: 228076
Diversity chunk 1288 | processed unique SMILES: 1288000/1989633 | new selected: 0 | total selected: 228076
Diversity chunk 1289 | processed unique SMILES: 1289000/1989633 | new selected: 264 | total selected: 228340
Diversity chunk 1290 | processed unique SMILES: 1290000/1989633 | new selected: 153 | total selected: 228493
Diversity chunk 1291 | processed unique SMILES: 1291000/1989633 | new selected: 253 | total selected: 228746
Diversity chunk 1292 | processed unique SMILES: 1292000/1989633 | new selected: 177 | total selected: 228923
Diversity chunk 1293 | processed unique SMILES: 1293000/1989633 | new selected: 174 | total selected: 229097
Diversity chunk 1294 | processed unique SMILES: 1294000/1989633 | new selected: 31 | total selected: 229128
Diversity chunk 1295 | processed unique SMILES: 1295000/1989633 | new selected: 32 | total selected: 229160
Diversity chunk 1296 | processed unique SMILES: 1296000/1989633 | new selected: 548 | total selected: 229708
Diversity chunk 1297 | processed unique SMILES: 1297000/1989633 | new selected: 414 | total selected: 230122
Diversity chunk 1298 | processed unique SMILES: 1298000/1989633 | new selected: 249 | total selected: 230371
Diversity chunk 1299 | processed unique SMILES: 1299000/1989633 | new selected: 258 | total selected: 230629
Diversity chunk 1300 | processed unique SMILES: 1300000/1989633 | new selected: 46 | total selected: 230675
Diversity chunk 1301 | processed unique SMILES: 1301000/1989633 | new selected: 0 | total selected: 230675
Diversity chunk 1302 | processed unique SMILES: 1302000/1989633 | new selected: 116 | total selected: 230791
Diversity chunk 1303 | processed unique SMILES: 1303000/1989633 | new selected: 130 | total selected: 230921
Diversity chunk 1304 | processed unique SMILES: 1304000/1989633 | new selected: 150 | total selected: 231071
Diversity chunk 1305 | processed unique SMILES: 1305000/1989633 | new selected: 39 | total selected: 231110
Diversity chunk 1306 | processed unique SMILES: 1306000/1989633 | new selected: 294 | total selected: 231404
Diversity chunk 1307 | processed unique SMILES: 1307000/1989633 | new selected: 293 | total selected: 231697
Diversity chunk 1308 | processed unique SMILES: 1308000/1989633 | new selected: 252 | total selected: 231949
Diversity chunk 1309 | processed unique SMILES: 1309000/1989633 | new selected: 231 | total selected: 232180
Diversity chunk 1310 | processed unique SMILES: 1310000/1989633 | new selected: 207 | total selected: 232387
Diversity chunk 1311 | processed unique SMILES: 1311000/1989633 | new selected: 215 | total selected: 232602
Diversity chunk 1312 | processed unique SMILES: 1312000/1989633 | new selected: 257 | total selected: 232859
Diversity chunk 1313 | processed unique SMILES: 1313000/1989633 | new selected: 10 | total selected: 232869
Diversity chunk 1314 | processed unique SMILES: 1314000/1989633 | new selected: 77 | total selected: 232946
Diversity chunk 1315 | processed unique SMILES: 1315000/1989633 | new selected: 184 | total selected: 233130
Diversity chunk 1316 | processed unique SMILES: 1316000/1989633 | new selected: 48 | total selected: 233178
Diversity chunk 1317 | processed unique SMILES: 1317000/1989633 | new selected: 170 | total selected: 233348
Diversity chunk 1318 | processed unique SMILES: 1318000/1989633 | new selected: 15 | total selected: 233363
Diversity chunk 1319 | processed unique SMILES: 1319000/1989633 | new selected: 74 | total selected: 233437
Diversity chunk 1320 | processed unique SMILES: 1320000/1989633 | new selected: 0 | total selected: 233437
Diversity chunk 1321 | processed unique SMILES: 1321000/1989633 | new selected: 0 | total selected: 233437
Diversity chunk 1322 | processed unique SMILES: 1322000/1989633 | new selected: 205 | total selected: 233642
Diversity chunk 1323 | processed unique SMILES: 1323000/1989633 | new selected: 105 | total selected: 233747
Diversity chunk 1324 | processed unique SMILES: 1324000/1989633 | new selected: 179 | total selected: 233926
Diversity chunk 1325 | processed unique SMILES: 1325000/1989633 | new selected: 355 | total selected: 234281
Diversity chunk 1326 | processed unique SMILES: 1326000/1989633 | new selected: 203 | total selected: 234484
Diversity chunk 1327 | processed unique SMILES: 1327000/1989633 | new selected: 143 | total selected: 234627
Diversity chunk 1328 | processed unique SMILES: 1328000/1989633 | new selected: 76 | total selected: 234703
Diversity chunk 1329 | processed unique SMILES: 1329000/1989633 | new selected: 3 | total selected: 234706
Diversity chunk 1330 | processed unique SMILES: 1330000/1989633 | new selected: 0 | total selected: 234706
Diversity chunk 1331 | processed unique SMILES: 1331000/1989633 | new selected: 99 | total selected: 234805
Diversity chunk 1332 | processed unique SMILES: 1332000/1989633 | new selected: 143 | total selected: 234948
Diversity chunk 1333 | processed unique SMILES: 1333000/1989633 | new selected: 205 | total selected: 235153
Diversity chunk 1334 | processed unique SMILES: 1334000/1989633 | new selected: 577 | total selected: 235730
Diversity chunk 1335 | processed unique SMILES: 1335000/1989633 | new selected: 465 | total selected: 236195
Diversity chunk 1336 | processed unique SMILES: 1336000/1989633 | new selected: 389 | total selected: 236584
Diversity chunk 1337 | processed unique SMILES: 1337000/1989633 | new selected: 57 | total selected: 236641
Diversity chunk 1338 | processed unique SMILES: 1338000/1989633 | new selected: 268 | total selected: 236909
Diversity chunk 1339 | processed unique SMILES: 1339000/1989633 | new selected: 116 | total selected: 237025
Diversity chunk 1340 | processed unique SMILES: 1340000/1989633 | new selected: 275 | total selected: 237300
Diversity chunk 1341 | processed unique SMILES: 1341000/1989633 | new selected: 106 | total selected: 237406
Diversity chunk 1342 | processed unique SMILES: 1342000/1989633 | new selected: 63 | total selected: 237469
Diversity chunk 1343 | processed unique SMILES: 1343000/1989633 | new selected: 17 | total selected: 237486
Diversity chunk 1344 | processed unique SMILES: 1344000/1989633 | new selected: 354 | total selected: 237840
Diversity chunk 1345 | processed unique SMILES: 1345000/1989633 | new selected: 413 | total selected: 238253
Diversity chunk 1346 | processed unique SMILES: 1346000/1989633 | new selected: 96 | total selected: 238349
Diversity chunk 1347 | processed unique SMILES: 1347000/1989633 | new selected: 0 | total selected: 238349
Diversity chunk 1348 | processed unique SMILES: 1348000/1989633 | new selected: 67 | total selected: 238416
Diversity chunk 1349 | processed unique SMILES: 1349000/1989633 | new selected: 69 | total selected: 238485
Diversity chunk 1350 | processed unique SMILES: 1350000/1989633 | new selected: 19 | total selected: 238504
Diversity chunk 1351 | processed unique SMILES: 1351000/1989633 | new selected: 4 | total selected: 238508
Diversity chunk 1352 | processed unique SMILES: 1352000/1989633 | new selected: 14 | total selected: 238522
Diversity chunk 1353 | processed unique SMILES: 1353000/1989633 | new selected: 32 | total selected: 238554
Diversity chunk 1354 | processed unique SMILES: 1354000/1989633 | new selected: 386 | total selected: 238940
Diversity chunk 1355 | processed unique SMILES: 1355000/1989633 | new selected: 458 | total selected: 239398
Diversity chunk 1356 | processed unique SMILES: 1356000/1989633 | new selected: 159 | total selected: 239557
Diversity chunk 1357 | processed unique SMILES: 1357000/1989633 | new selected: 136 | total selected: 239693
Diversity chunk 1358 | processed unique SMILES: 1358000/1989633 | new selected: 87 | total selected: 239780
Diversity chunk 1359 | processed unique SMILES: 1359000/1989633 | new selected: 144 | total selected: 239924
Diversity chunk 1360 | processed unique SMILES: 1360000/1989633 | new selected: 243 | total selected: 240167
Diversity chunk 1361 | processed unique SMILES: 1361000/1989633 | new selected: 30 | total selected: 240197
Diversity chunk 1362 | processed unique SMILES: 1362000/1989633 | new selected: 110 | total selected: 240307
Diversity chunk 1363 | processed unique SMILES: 1363000/1989633 | new selected: 84 | total selected: 240391
Diversity chunk 1364 | processed unique SMILES: 1364000/1989633 | new selected: 35 | total selected: 240426
Diversity chunk 1365 | processed unique SMILES: 1365000/1989633 | new selected: 0 | total selected: 240426
Diversity chunk 1366 | processed unique SMILES: 1366000/1989633 | new selected: 0 | total selected: 240426
Diversity chunk 1367 | processed unique SMILES: 1367000/1989633 | new selected: 26 | total selected: 240452
Diversity chunk 1368 | processed unique SMILES: 1368000/1989633 | new selected: 216 | total selected: 240668
Diversity chunk 1369 | processed unique SMILES: 1369000/1989633 | new selected: 244 | total selected: 240912
Diversity chunk 1370 | processed unique SMILES: 1370000/1989633 | new selected: 26 | total selected: 240938
Diversity chunk 1371 | processed unique SMILES: 1371000/1989633 | new selected: 240 | total selected: 241178
Diversity chunk 1372 | processed unique SMILES: 1372000/1989633 | new selected: 95 | total selected: 241273
Diversity chunk 1373 | processed unique SMILES: 1373000/1989633 | new selected: 15 | total selected: 241288
Diversity chunk 1374 | processed unique SMILES: 1374000/1989633 | new selected: 230 | total selected: 241518
Diversity chunk 1375 | processed unique SMILES: 1375000/1989633 | new selected: 65 | total selected: 241583
Diversity chunk 1376 | processed unique SMILES: 1376000/1989633 | new selected: 66 | total selected: 241649
Diversity chunk 1377 | processed unique SMILES: 1377000/1989633 | new selected: 26 | total selected: 241675
Diversity chunk 1378 | processed unique SMILES: 1378000/1989633 | new selected: 30 | total selected: 241705
Diversity chunk 1379 | processed unique SMILES: 1379000/1989633 | new selected: 14 | total selected: 241719
Diversity chunk 1380 | processed unique SMILES: 1380000/1989633 | new selected: 128 | total selected: 241847
Diversity chunk 1381 | processed unique SMILES: 1381000/1989633 | new selected: 237 | total selected: 242084
Diversity chunk 1382 | processed unique SMILES: 1382000/1989633 | new selected: 0 | total selected: 242084
Diversity chunk 1383 | processed unique SMILES: 1383000/1989633 | new selected: 22 | total selected: 242106
Diversity chunk 1384 | processed unique SMILES: 1384000/1989633 | new selected: 18 | total selected: 242124
Diversity chunk 1385 | processed unique SMILES: 1385000/1989633 | new selected: 16 | total selected: 242140
Diversity chunk 1386 | processed unique SMILES: 1386000/1989633 | new selected: 227 | total selected: 242367
Diversity chunk 1387 | processed unique SMILES: 1387000/1989633 | new selected: 160 | total selected: 242527
Diversity chunk 1388 | processed unique SMILES: 1388000/1989633 | new selected: 132 | total selected: 242659
Diversity chunk 1389 | processed unique SMILES: 1389000/1989633 | new selected: 45 | total selected: 242704
Diversity chunk 1390 | processed unique SMILES: 1390000/1989633 | new selected: 290 | total selected: 242994
Diversity chunk 1391 | processed unique SMILES: 1391000/1989633 | new selected: 49 | total selected: 243043
Diversity chunk 1392 | processed unique SMILES: 1392000/1989633 | new selected: 262 | total selected: 243305
Diversity chunk 1393 | processed unique SMILES: 1393000/1989633 | new selected: 121 | total selected: 243426
Diversity chunk 1394 | processed unique SMILES: 1394000/1989633 | new selected: 49 | total selected: 243475
Diversity chunk 1395 | processed unique SMILES: 1395000/1989633 | new selected: 81 | total selected: 243556
Diversity chunk 1396 | processed unique SMILES: 1396000/1989633 | new selected: 127 | total selected: 243683
Diversity chunk 1397 | processed unique SMILES: 1397000/1989633 | new selected: 381 | total selected: 244064
Diversity chunk 1398 | processed unique SMILES: 1398000/1989633 | new selected: 395 | total selected: 244459
Diversity chunk 1399 | processed unique SMILES: 1399000/1989633 | new selected: 302 | total selected: 244761
Diversity chunk 1400 | processed unique SMILES: 1400000/1989633 | new selected: 227 | total selected: 244988
Diversity chunk 1401 | processed unique SMILES: 1401000/1989633 | new selected: 159 | total selected: 245147
Diversity chunk 1402 | processed unique SMILES: 1402000/1989633 | new selected: 11 | total selected: 245158
Diversity chunk 1403 | processed unique SMILES: 1403000/1989633 | new selected: 350 | total selected: 245508
Diversity chunk 1404 | processed unique SMILES: 1404000/1989633 | new selected: 522 | total selected: 246030
Diversity chunk 1405 | processed unique SMILES: 1405000/1989633 | new selected: 489 | total selected: 246519
Diversity chunk 1406 | processed unique SMILES: 1406000/1989633 | new selected: 306 | total selected: 246825
Diversity chunk 1407 | processed unique SMILES: 1407000/1989633 | new selected: 313 | total selected: 247138
Diversity chunk 1408 | processed unique SMILES: 1408000/1989633 | new selected: 372 | total selected: 247510
Diversity chunk 1409 | processed unique SMILES: 1409000/1989633 | new selected: 244 | total selected: 247754
Diversity chunk 1410 | processed unique SMILES: 1410000/1989633 | new selected: 299 | total selected: 248053
Diversity chunk 1411 | processed unique SMILES: 1411000/1989633 | new selected: 141 | total selected: 248194
Diversity chunk 1412 | processed unique SMILES: 1412000/1989633 | new selected: 99 | total selected: 248293
Diversity chunk 1413 | processed unique SMILES: 1413000/1989633 | new selected: 107 | total selected: 248400
Diversity chunk 1414 | processed unique SMILES: 1414000/1989633 | new selected: 45 | total selected: 248445
Diversity chunk 1415 | processed unique SMILES: 1415000/1989633 | new selected: 0 | total selected: 248445
Diversity chunk 1416 | processed unique SMILES: 1416000/1989633 | new selected: 0 | total selected: 248445
Diversity chunk 1417 | processed unique SMILES: 1417000/1989633 | new selected: 163 | total selected: 248608
Diversity chunk 1418 | processed unique SMILES: 1418000/1989633 | new selected: 0 | total selected: 248608
Diversity chunk 1419 | processed unique SMILES: 1419000/1989633 | new selected: 33 | total selected: 248641
Diversity chunk 1420 | processed unique SMILES: 1420000/1989633 | new selected: 191 | total selected: 248832
Diversity chunk 1421 | processed unique SMILES: 1421000/1989633 | new selected: 301 | total selected: 249133
Diversity chunk 1422 | processed unique SMILES: 1422000/1989633 | new selected: 32 | total selected: 249165
Diversity chunk 1423 | processed unique SMILES: 1423000/1989633 | new selected: 78 | total selected: 249243
Diversity chunk 1424 | processed unique SMILES: 1424000/1989633 | new selected: 26 | total selected: 249269
Diversity chunk 1425 | processed unique SMILES: 1425000/1989633 | new selected: 116 | total selected: 249385
Diversity chunk 1426 | processed unique SMILES: 1426000/1989633 | new selected: 80 | total selected: 249465
Diversity chunk 1427 | processed unique SMILES: 1427000/1989633 | new selected: 274 | total selected: 249739
Diversity chunk 1428 | processed unique SMILES: 1428000/1989633 | new selected: 256 | total selected: 249995
Diversity chunk 1429 | processed unique SMILES: 1429000/1989633 | new selected: 123 | total selected: 250118
Diversity chunk 1430 | processed unique SMILES: 1430000/1989633 | new selected: 46 | total selected: 250164
Diversity chunk 1431 | processed unique SMILES: 1431000/1989633 | new selected: 90 | total selected: 250254
Diversity chunk 1432 | processed unique SMILES: 1432000/1989633 | new selected: 22 | total selected: 250276
Diversity chunk 1433 | processed unique SMILES: 1433000/1989633 | new selected: 100 | total selected: 250376
Diversity chunk 1434 | processed unique SMILES: 1434000/1989633 | new selected: 67 | total selected: 250443
Diversity chunk 1435 | processed unique SMILES: 1435000/1989633 | new selected: 0 | total selected: 250443
Diversity chunk 1436 | processed unique SMILES: 1436000/1989633 | new selected: 133 | total selected: 250576
Diversity chunk 1437 | processed unique SMILES: 1437000/1989633 | new selected: 263 | total selected: 250839
Diversity chunk 1438 | processed unique SMILES: 1438000/1989633 | new selected: 109 | total selected: 250948
Diversity chunk 1439 | processed unique SMILES: 1439000/1989633 | new selected: 138 | total selected: 251086
Diversity chunk 1440 | processed unique SMILES: 1440000/1989633 | new selected: 143 | total selected: 251229
Diversity chunk 1441 | processed unique SMILES: 1441000/1989633 | new selected: 192 | total selected: 251421
Diversity chunk 1442 | processed unique SMILES: 1442000/1989633 | new selected: 227 | total selected: 251648
Diversity chunk 1443 | processed unique SMILES: 1443000/1989633 | new selected: 85 | total selected: 251733
Diversity chunk 1444 | processed unique SMILES: 1444000/1989633 | new selected: 260 | total selected: 251993
Diversity chunk 1445 | processed unique SMILES: 1445000/1989633 | new selected: 140 | total selected: 252133
Diversity chunk 1446 | processed unique SMILES: 1446000/1989633 | new selected: 285 | total selected: 252418
Diversity chunk 1447 | processed unique SMILES: 1447000/1989633 | new selected: 118 | total selected: 252536
Diversity chunk 1448 | processed unique SMILES: 1448000/1989633 | new selected: 87 | total selected: 252623
Diversity chunk 1449 | processed unique SMILES: 1449000/1989633 | new selected: 200 | total selected: 252823
Diversity chunk 1450 | processed unique SMILES: 1450000/1989633 | new selected: 21 | total selected: 252844
Diversity chunk 1451 | processed unique SMILES: 1451000/1989633 | new selected: 9 | total selected: 252853
Diversity chunk 1452 | processed unique SMILES: 1452000/1989633 | new selected: 0 | total selected: 252853
Diversity chunk 1453 | processed unique SMILES: 1453000/1989633 | new selected: 69 | total selected: 252922
Diversity chunk 1454 | processed unique SMILES: 1454000/1989633 | new selected: 34 | total selected: 252956
Diversity chunk 1455 | processed unique SMILES: 1455000/1989633 | new selected: 118 | total selected: 253074
Diversity chunk 1456 | processed unique SMILES: 1456000/1989633 | new selected: 139 | total selected: 253213
Diversity chunk 1457 | processed unique SMILES: 1457000/1989633 | new selected: 89 | total selected: 253302
Diversity chunk 1458 | processed unique SMILES: 1458000/1989633 | new selected: 94 | total selected: 253396
Diversity chunk 1459 | processed unique SMILES: 1459000/1989633 | new selected: 106 | total selected: 253502
Diversity chunk 1460 | processed unique SMILES: 1460000/1989633 | new selected: 0 | total selected: 253502
Diversity chunk 1461 | processed unique SMILES: 1461000/1989633 | new selected: 0 | total selected: 253502
Diversity chunk 1462 | processed unique SMILES: 1462000/1989633 | new selected: 47 | total selected: 253549
Diversity chunk 1463 | processed unique SMILES: 1463000/1989633 | new selected: 39 | total selected: 253588
Diversity chunk 1464 | processed unique SMILES: 1464000/1989633 | new selected: 0 | total selected: 253588
Diversity chunk 1465 | processed unique SMILES: 1465000/1989633 | new selected: 0 | total selected: 253588
Diversity chunk 1466 | processed unique SMILES: 1466000/1989633 | new selected: 5 | total selected: 253593
Diversity chunk 1467 | processed unique SMILES: 1467000/1989633 | new selected: 6 | total selected: 253599
Diversity chunk 1468 | processed unique SMILES: 1468000/1989633 | new selected: 13 | total selected: 253612
Diversity chunk 1469 | processed unique SMILES: 1469000/1989633 | new selected: 7 | total selected: 253619
Diversity chunk 1470 | processed unique SMILES: 1470000/1989633 | new selected: 9 | total selected: 253628
Diversity chunk 1471 | processed unique SMILES: 1471000/1989633 | new selected: 55 | total selected: 253683
Diversity chunk 1472 | processed unique SMILES: 1472000/1989633 | new selected: 325 | total selected: 254008
Diversity chunk 1473 | processed unique SMILES: 1473000/1989633 | new selected: 278 | total selected: 254286
Diversity chunk 1474 | processed unique SMILES: 1474000/1989633 | new selected: 110 | total selected: 254396
Diversity chunk 1475 | processed unique SMILES: 1475000/1989633 | new selected: 111 | total selected: 254507
Diversity chunk 1476 | processed unique SMILES: 1476000/1989633 | new selected: 137 | total selected: 254644
Diversity chunk 1477 | processed unique SMILES: 1477000/1989633 | new selected: 125 | total selected: 254769
Diversity chunk 1478 | processed unique SMILES: 1478000/1989633 | new selected: 172 | total selected: 254941
Diversity chunk 1479 | processed unique SMILES: 1479000/1989633 | new selected: 97 | total selected: 255038
Diversity chunk 1480 | processed unique SMILES: 1480000/1989633 | new selected: 89 | total selected: 255127
Diversity chunk 1481 | processed unique SMILES: 1481000/1989633 | new selected: 173 | total selected: 255300
Diversity chunk 1482 | processed unique SMILES: 1482000/1989633 | new selected: 194 | total selected: 255494
Diversity chunk 1483 | processed unique SMILES: 1483000/1989633 | new selected: 346 | total selected: 255840
Diversity chunk 1484 | processed unique SMILES: 1484000/1989633 | new selected: 272 | total selected: 256112
Diversity chunk 1485 | processed unique SMILES: 1485000/1989633 | new selected: 305 | total selected: 256417
Diversity chunk 1486 | processed unique SMILES: 1486000/1989633 | new selected: 160 | total selected: 256577
Diversity chunk 1487 | processed unique SMILES: 1487000/1989633 | new selected: 129 | total selected: 256706
Diversity chunk 1488 | processed unique SMILES: 1488000/1989633 | new selected: 25 | total selected: 256731
Diversity chunk 1489 | processed unique SMILES: 1489000/1989633 | new selected: 139 | total selected: 256870
Diversity chunk 1490 | processed unique SMILES: 1490000/1989633 | new selected: 88 | total selected: 256958
Diversity chunk 1491 | processed unique SMILES: 1491000/1989633 | new selected: 333 | total selected: 257291
Diversity chunk 1492 | processed unique SMILES: 1492000/1989633 | new selected: 298 | total selected: 257589
Diversity chunk 1493 | processed unique SMILES: 1493000/1989633 | new selected: 10 | total selected: 257599
Diversity chunk 1494 | processed unique SMILES: 1494000/1989633 | new selected: 0 | total selected: 257599
Diversity chunk 1495 | processed unique SMILES: 1495000/1989633 | new selected: 75 | total selected: 257674
Diversity chunk 1496 | processed unique SMILES: 1496000/1989633 | new selected: 0 | total selected: 257674
Diversity chunk 1497 | processed unique SMILES: 1497000/1989633 | new selected: 158 | total selected: 257832
Diversity chunk 1498 | processed unique SMILES: 1498000/1989633 | new selected: 323 | total selected: 258155
Diversity chunk 1499 | processed unique SMILES: 1499000/1989633 | new selected: 134 | total selected: 258289
Diversity chunk 1500 | processed unique SMILES: 1500000/1989633 | new selected: 150 | total selected: 258439
Diversity chunk 1501 | processed unique SMILES: 1501000/1989633 | new selected: 44 | total selected: 258483
Diversity chunk 1502 | processed unique SMILES: 1502000/1989633 | new selected: 123 | total selected: 258606
Diversity chunk 1503 | processed unique SMILES: 1503000/1989633 | new selected: 205 | total selected: 258811
Diversity chunk 1504 | processed unique SMILES: 1504000/1989633 | new selected: 120 | total selected: 258931
Diversity chunk 1505 | processed unique SMILES: 1505000/1989633 | new selected: 301 | total selected: 259232
Diversity chunk 1506 | processed unique SMILES: 1506000/1989633 | new selected: 120 | total selected: 259352
Diversity chunk 1507 | processed unique SMILES: 1507000/1989633 | new selected: 0 | total selected: 259352
Diversity chunk 1508 | processed unique SMILES: 1508000/1989633 | new selected: 200 | total selected: 259552
Diversity chunk 1509 | processed unique SMILES: 1509000/1989633 | new selected: 194 | total selected: 259746
Diversity chunk 1510 | processed unique SMILES: 1510000/1989633 | new selected: 125 | total selected: 259871
Diversity chunk 1511 | processed unique SMILES: 1511000/1989633 | new selected: 175 | total selected: 260046
Diversity chunk 1512 | processed unique SMILES: 1512000/1989633 | new selected: 218 | total selected: 260264
Diversity chunk 1513 | processed unique SMILES: 1513000/1989633 | new selected: 180 | total selected: 260444
Diversity chunk 1514 | processed unique SMILES: 1514000/1989633 | new selected: 313 | total selected: 260757
Diversity chunk 1515 | processed unique SMILES: 1515000/1989633 | new selected: 285 | total selected: 261042
Diversity chunk 1516 | processed unique SMILES: 1516000/1989633 | new selected: 2 | total selected: 261044
Diversity chunk 1517 | processed unique SMILES: 1517000/1989633 | new selected: 63 | total selected: 261107
Diversity chunk 1518 | processed unique SMILES: 1518000/1989633 | new selected: 369 | total selected: 261476
Diversity chunk 1519 | processed unique SMILES: 1519000/1989633 | new selected: 353 | total selected: 261829
Diversity chunk 1520 | processed unique SMILES: 1520000/1989633 | new selected: 123 | total selected: 261952
Diversity chunk 1521 | processed unique SMILES: 1521000/1989633 | new selected: 21 | total selected: 261973
Diversity chunk 1522 | processed unique SMILES: 1522000/1989633 | new selected: 0 | total selected: 261973
Diversity chunk 1523 | processed unique SMILES: 1523000/1989633 | new selected: 2 | total selected: 261975
Diversity chunk 1524 | processed unique SMILES: 1524000/1989633 | new selected: 65 | total selected: 262040
Diversity chunk 1525 | processed unique SMILES: 1525000/1989633 | new selected: 88 | total selected: 262128
Diversity chunk 1526 | processed unique SMILES: 1526000/1989633 | new selected: 169 | total selected: 262297
Diversity chunk 1527 | processed unique SMILES: 1527000/1989633 | new selected: 47 | total selected: 262344
Diversity chunk 1528 | processed unique SMILES: 1528000/1989633 | new selected: 25 | total selected: 262369
Diversity chunk 1529 | processed unique SMILES: 1529000/1989633 | new selected: 59 | total selected: 262428
Diversity chunk 1530 | processed unique SMILES: 1530000/1989633 | new selected: 64 | total selected: 262492
Diversity chunk 1531 | processed unique SMILES: 1531000/1989633 | new selected: 108 | total selected: 262600
Diversity chunk 1532 | processed unique SMILES: 1532000/1989633 | new selected: 101 | total selected: 262701
Diversity chunk 1533 | processed unique SMILES: 1533000/1989633 | new selected: 171 | total selected: 262872
Diversity chunk 1534 | processed unique SMILES: 1534000/1989633 | new selected: 117 | total selected: 262989
Diversity chunk 1535 | processed unique SMILES: 1535000/1989633 | new selected: 162 | total selected: 263151
Diversity chunk 1536 | processed unique SMILES: 1536000/1989633 | new selected: 76 | total selected: 263227
Diversity chunk 1537 | processed unique SMILES: 1537000/1989633 | new selected: 140 | total selected: 263367
Diversity chunk 1538 | processed unique SMILES: 1538000/1989633 | new selected: 52 | total selected: 263419
Diversity chunk 1539 | processed unique SMILES: 1539000/1989633 | new selected: 26 | total selected: 263445
Diversity chunk 1540 | processed unique SMILES: 1540000/1989633 | new selected: 170 | total selected: 263615
Diversity chunk 1541 | processed unique SMILES: 1541000/1989633 | new selected: 283 | total selected: 263898
Diversity chunk 1542 | processed unique SMILES: 1542000/1989633 | new selected: 97 | total selected: 263995
Diversity chunk 1543 | processed unique SMILES: 1543000/1989633 | new selected: 37 | total selected: 264032
Diversity chunk 1544 | processed unique SMILES: 1544000/1989633 | new selected: 177 | total selected: 264209
Diversity chunk 1545 | processed unique SMILES: 1545000/1989633 | new selected: 159 | total selected: 264368
Diversity chunk 1546 | processed unique SMILES: 1546000/1989633 | new selected: 195 | total selected: 264563
Diversity chunk 1547 | processed unique SMILES: 1547000/1989633 | new selected: 142 | total selected: 264705
Diversity chunk 1548 | processed unique SMILES: 1548000/1989633 | new selected: 24 | total selected: 264729
Diversity chunk 1549 | processed unique SMILES: 1549000/1989633 | new selected: 81 | total selected: 264810
Diversity chunk 1550 | processed unique SMILES: 1550000/1989633 | new selected: 127 | total selected: 264937
Diversity chunk 1551 | processed unique SMILES: 1551000/1989633 | new selected: 215 | total selected: 265152
Diversity chunk 1552 | processed unique SMILES: 1552000/1989633 | new selected: 220 | total selected: 265372
Diversity chunk 1553 | processed unique SMILES: 1553000/1989633 | new selected: 226 | total selected: 265598
Diversity chunk 1554 | processed unique SMILES: 1554000/1989633 | new selected: 57 | total selected: 265655
Diversity chunk 1555 | processed unique SMILES: 1555000/1989633 | new selected: 2 | total selected: 265657
Diversity chunk 1556 | processed unique SMILES: 1556000/1989633 | new selected: 0 | total selected: 265657
Diversity chunk 1557 | processed unique SMILES: 1557000/1989633 | new selected: 10 | total selected: 265667
Diversity chunk 1558 | processed unique SMILES: 1558000/1989633 | new selected: 219 | total selected: 265886
Diversity chunk 1559 | processed unique SMILES: 1559000/1989633 | new selected: 173 | total selected: 266059
Diversity chunk 1560 | processed unique SMILES: 1560000/1989633 | new selected: 249 | total selected: 266308
Diversity chunk 1561 | processed unique SMILES: 1561000/1989633 | new selected: 328 | total selected: 266636
Diversity chunk 1562 | processed unique SMILES: 1562000/1989633 | new selected: 311 | total selected: 266947
Diversity chunk 1563 | processed unique SMILES: 1563000/1989633 | new selected: 186 | total selected: 267133
Diversity chunk 1564 | processed unique SMILES: 1564000/1989633 | new selected: 303 | total selected: 267436
Diversity chunk 1565 | processed unique SMILES: 1565000/1989633 | new selected: 492 | total selected: 267928
Diversity chunk 1566 | processed unique SMILES: 1566000/1989633 | new selected: 203 | total selected: 268131
Diversity chunk 1567 | processed unique SMILES: 1567000/1989633 | new selected: 207 | total selected: 268338
Diversity chunk 1568 | processed unique SMILES: 1568000/1989633 | new selected: 432 | total selected: 268770
Diversity chunk 1569 | processed unique SMILES: 1569000/1989633 | new selected: 300 | total selected: 269070
Diversity chunk 1570 | processed unique SMILES: 1570000/1989633 | new selected: 347 | total selected: 269417
Diversity chunk 1571 | processed unique SMILES: 1571000/1989633 | new selected: 63 | total selected: 269480
Diversity chunk 1572 | processed unique SMILES: 1572000/1989633 | new selected: 47 | total selected: 269527
Diversity chunk 1573 | processed unique SMILES: 1573000/1989633 | new selected: 337 | total selected: 269864
Diversity chunk 1574 | processed unique SMILES: 1574000/1989633 | new selected: 296 | total selected: 270160
Diversity chunk 1575 | processed unique SMILES: 1575000/1989633 | new selected: 151 | total selected: 270311
Diversity chunk 1576 | processed unique SMILES: 1576000/1989633 | new selected: 249 | total selected: 270560
Diversity chunk 1577 | processed unique SMILES: 1577000/1989633 | new selected: 92 | total selected: 270652
Diversity chunk 1578 | processed unique SMILES: 1578000/1989633 | new selected: 238 | total selected: 270890
Diversity chunk 1579 | processed unique SMILES: 1579000/1989633 | new selected: 328 | total selected: 271218
Diversity chunk 1580 | processed unique SMILES: 1580000/1989633 | new selected: 347 | total selected: 271565
Diversity chunk 1581 | processed unique SMILES: 1581000/1989633 | new selected: 30 | total selected: 271595
Diversity chunk 1582 | processed unique SMILES: 1582000/1989633 | new selected: 384 | total selected: 271979
Diversity chunk 1583 | processed unique SMILES: 1583000/1989633 | new selected: 268 | total selected: 272247
Diversity chunk 1584 | processed unique SMILES: 1584000/1989633 | new selected: 157 | total selected: 272404
Diversity chunk 1585 | processed unique SMILES: 1585000/1989633 | new selected: 173 | total selected: 272577
Diversity chunk 1586 | processed unique SMILES: 1586000/1989633 | new selected: 146 | total selected: 272723
Diversity chunk 1587 | processed unique SMILES: 1587000/1989633 | new selected: 202 | total selected: 272925
Diversity chunk 1588 | processed unique SMILES: 1588000/1989633 | new selected: 172 | total selected: 273097
Diversity chunk 1589 | processed unique SMILES: 1589000/1989633 | new selected: 213 | total selected: 273310
Diversity chunk 1590 | processed unique SMILES: 1590000/1989633 | new selected: 249 | total selected: 273559
Diversity chunk 1591 | processed unique SMILES: 1591000/1989633 | new selected: 208 | total selected: 273767
Diversity chunk 1592 | processed unique SMILES: 1592000/1989633 | new selected: 44 | total selected: 273811
Diversity chunk 1593 | processed unique SMILES: 1593000/1989633 | new selected: 345 | total selected: 274156
Diversity chunk 1594 | processed unique SMILES: 1594000/1989633 | new selected: 185 | total selected: 274341
Diversity chunk 1595 | processed unique SMILES: 1595000/1989633 | new selected: 142 | total selected: 274483
Diversity chunk 1596 | processed unique SMILES: 1596000/1989633 | new selected: 328 | total selected: 274811
Diversity chunk 1597 | processed unique SMILES: 1597000/1989633 | new selected: 175 | total selected: 274986
Diversity chunk 1598 | processed unique SMILES: 1598000/1989633 | new selected: 193 | total selected: 275179
Diversity chunk 1599 | processed unique SMILES: 1599000/1989633 | new selected: 281 | total selected: 275460
Diversity chunk 1600 | processed unique SMILES: 1600000/1989633 | new selected: 158 | total selected: 275618
Diversity chunk 1601 | processed unique SMILES: 1601000/1989633 | new selected: 1 | total selected: 275619
Diversity chunk 1602 | processed unique SMILES: 1602000/1989633 | new selected: 48 | total selected: 275667
Diversity chunk 1603 | processed unique SMILES: 1603000/1989633 | new selected: 55 | total selected: 275722
Diversity chunk 1604 | processed unique SMILES: 1604000/1989633 | new selected: 22 | total selected: 275744
Diversity chunk 1605 | processed unique SMILES: 1605000/1989633 | new selected: 0 | total selected: 275744
Diversity chunk 1606 | processed unique SMILES: 1606000/1989633 | new selected: 191 | total selected: 275935
Diversity chunk 1607 | processed unique SMILES: 1607000/1989633 | new selected: 271 | total selected: 276206
Diversity chunk 1608 | processed unique SMILES: 1608000/1989633 | new selected: 200 | total selected: 276406
Diversity chunk 1609 | processed unique SMILES: 1609000/1989633 | new selected: 73 | total selected: 276479
Diversity chunk 1610 | processed unique SMILES: 1610000/1989633 | new selected: 96 | total selected: 276575
Diversity chunk 1611 | processed unique SMILES: 1611000/1989633 | new selected: 54 | total selected: 276629
Diversity chunk 1612 | processed unique SMILES: 1612000/1989633 | new selected: 130 | total selected: 276759
Diversity chunk 1613 | processed unique SMILES: 1613000/1989633 | new selected: 274 | total selected: 277033
Diversity chunk 1614 | processed unique SMILES: 1614000/1989633 | new selected: 270 | total selected: 277303
Diversity chunk 1615 | processed unique SMILES: 1615000/1989633 | new selected: 165 | total selected: 277468
Diversity chunk 1616 | processed unique SMILES: 1616000/1989633 | new selected: 189 | total selected: 277657
Diversity chunk 1617 | processed unique SMILES: 1617000/1989633 | new selected: 176 | total selected: 277833
Diversity chunk 1618 | processed unique SMILES: 1618000/1989633 | new selected: 228 | total selected: 278061
Diversity chunk 1619 | processed unique SMILES: 1619000/1989633 | new selected: 119 | total selected: 278180
Diversity chunk 1620 | processed unique SMILES: 1620000/1989633 | new selected: 129 | total selected: 278309
Diversity chunk 1621 | processed unique SMILES: 1621000/1989633 | new selected: 181 | total selected: 278490
Diversity chunk 1622 | processed unique SMILES: 1622000/1989633 | new selected: 295 | total selected: 278785
Diversity chunk 1623 | processed unique SMILES: 1623000/1989633 | new selected: 132 | total selected: 278917
Diversity chunk 1624 | processed unique SMILES: 1624000/1989633 | new selected: 105 | total selected: 279022
Diversity chunk 1625 | processed unique SMILES: 1625000/1989633 | new selected: 202 | total selected: 279224
Diversity chunk 1626 | processed unique SMILES: 1626000/1989633 | new selected: 384 | total selected: 279608
Diversity chunk 1627 | processed unique SMILES: 1627000/1989633 | new selected: 278 | total selected: 279886
Diversity chunk 1628 | processed unique SMILES: 1628000/1989633 | new selected: 282 | total selected: 280168
Diversity chunk 1629 | processed unique SMILES: 1629000/1989633 | new selected: 256 | total selected: 280424
Diversity chunk 1630 | processed unique SMILES: 1630000/1989633 | new selected: 229 | total selected: 280653
Diversity chunk 1631 | processed unique SMILES: 1631000/1989633 | new selected: 149 | total selected: 280802
Diversity chunk 1632 | processed unique SMILES: 1632000/1989633 | new selected: 196 | total selected: 280998
Diversity chunk 1633 | processed unique SMILES: 1633000/1989633 | new selected: 126 | total selected: 281124
Diversity chunk 1634 | processed unique SMILES: 1634000/1989633 | new selected: 211 | total selected: 281335
Diversity chunk 1635 | processed unique SMILES: 1635000/1989633 | new selected: 206 | total selected: 281541
Diversity chunk 1636 | processed unique SMILES: 1636000/1989633 | new selected: 184 | total selected: 281725
Diversity chunk 1637 | processed unique SMILES: 1637000/1989633 | new selected: 144 | total selected: 281869
Diversity chunk 1638 | processed unique SMILES: 1638000/1989633 | new selected: 128 | total selected: 281997
Diversity chunk 1639 | processed unique SMILES: 1639000/1989633 | new selected: 292 | total selected: 282289
Diversity chunk 1640 | processed unique SMILES: 1640000/1989633 | new selected: 229 | total selected: 282518
Diversity chunk 1641 | processed unique SMILES: 1641000/1989633 | new selected: 214 | total selected: 282732
Diversity chunk 1642 | processed unique SMILES: 1642000/1989633 | new selected: 182 | total selected: 282914
Diversity chunk 1643 | processed unique SMILES: 1643000/1989633 | new selected: 278 | total selected: 283192
Diversity chunk 1644 | processed unique SMILES: 1644000/1989633 | new selected: 304 | total selected: 283496
Diversity chunk 1645 | processed unique SMILES: 1645000/1989633 | new selected: 43 | total selected: 283539
Diversity chunk 1646 | processed unique SMILES: 1646000/1989633 | new selected: 346 | total selected: 283885
Diversity chunk 1647 | processed unique SMILES: 1647000/1989633 | new selected: 26 | total selected: 283911
Diversity chunk 1648 | processed unique SMILES: 1648000/1989633 | new selected: 169 | total selected: 284080
Diversity chunk 1649 | processed unique SMILES: 1649000/1989633 | new selected: 312 | total selected: 284392
Diversity chunk 1650 | processed unique SMILES: 1650000/1989633 | new selected: 0 | total selected: 284392
Diversity chunk 1651 | processed unique SMILES: 1651000/1989633 | new selected: 106 | total selected: 284498
Diversity chunk 1652 | processed unique SMILES: 1652000/1989633 | new selected: 234 | total selected: 284732
Diversity chunk 1653 | processed unique SMILES: 1653000/1989633 | new selected: 351 | total selected: 285083
Diversity chunk 1654 | processed unique SMILES: 1654000/1989633 | new selected: 92 | total selected: 285175
Diversity chunk 1655 | processed unique SMILES: 1655000/1989633 | new selected: 202 | total selected: 285377
Diversity chunk 1656 | processed unique SMILES: 1656000/1989633 | new selected: 222 | total selected: 285599
Diversity chunk 1657 | processed unique SMILES: 1657000/1989633 | new selected: 58 | total selected: 285657
Diversity chunk 1658 | processed unique SMILES: 1658000/1989633 | new selected: 222 | total selected: 285879
Diversity chunk 1659 | processed unique SMILES: 1659000/1989633 | new selected: 68 | total selected: 285947
Diversity chunk 1660 | processed unique SMILES: 1660000/1989633 | new selected: 18 | total selected: 285965
Diversity chunk 1661 | processed unique SMILES: 1661000/1989633 | new selected: 73 | total selected: 286038
Diversity chunk 1662 | processed unique SMILES: 1662000/1989633 | new selected: 49 | total selected: 286087
Diversity chunk 1663 | processed unique SMILES: 1663000/1989633 | new selected: 57 | total selected: 286144
Diversity chunk 1664 | processed unique SMILES: 1664000/1989633 | new selected: 192 | total selected: 286336
Diversity chunk 1665 | processed unique SMILES: 1665000/1989633 | new selected: 125 | total selected: 286461
Diversity chunk 1666 | processed unique SMILES: 1666000/1989633 | new selected: 147 | total selected: 286608
Diversity chunk 1667 | processed unique SMILES: 1667000/1989633 | new selected: 115 | total selected: 286723
Diversity chunk 1668 | processed unique SMILES: 1668000/1989633 | new selected: 168 | total selected: 286891
Diversity chunk 1669 | processed unique SMILES: 1669000/1989633 | new selected: 185 | total selected: 287076
Diversity chunk 1670 | processed unique SMILES: 1670000/1989633 | new selected: 144 | total selected: 287220
Diversity chunk 1671 | processed unique SMILES: 1671000/1989633 | new selected: 175 | total selected: 287395
Diversity chunk 1672 | processed unique SMILES: 1672000/1989633 | new selected: 273 | total selected: 287668
Diversity chunk 1673 | processed unique SMILES: 1673000/1989633 | new selected: 172 | total selected: 287840
Diversity chunk 1674 | processed unique SMILES: 1674000/1989633 | new selected: 123 | total selected: 287963
Diversity chunk 1675 | processed unique SMILES: 1675000/1989633 | new selected: 196 | total selected: 288159
Diversity chunk 1676 | processed unique SMILES: 1676000/1989633 | new selected: 0 | total selected: 288159
Diversity chunk 1677 | processed unique SMILES: 1677000/1989633 | new selected: 41 | total selected: 288200
Diversity chunk 1678 | processed unique SMILES: 1678000/1989633 | new selected: 172 | total selected: 288372
Diversity chunk 1679 | processed unique SMILES: 1679000/1989633 | new selected: 106 | total selected: 288478
Diversity chunk 1680 | processed unique SMILES: 1680000/1989633 | new selected: 41 | total selected: 288519
Diversity chunk 1681 | processed unique SMILES: 1681000/1989633 | new selected: 2 | total selected: 288521
Diversity chunk 1682 | processed unique SMILES: 1682000/1989633 | new selected: 192 | total selected: 288713
Diversity chunk 1683 | processed unique SMILES: 1683000/1989633 | new selected: 302 | total selected: 289015
Diversity chunk 1684 | processed unique SMILES: 1684000/1989633 | new selected: 215 | total selected: 289230
Diversity chunk 1685 | processed unique SMILES: 1685000/1989633 | new selected: 249 | total selected: 289479
Diversity chunk 1686 | processed unique SMILES: 1686000/1989633 | new selected: 263 | total selected: 289742
Diversity chunk 1687 | processed unique SMILES: 1687000/1989633 | new selected: 271 | total selected: 290013
Diversity chunk 1688 | processed unique SMILES: 1688000/1989633 | new selected: 151 | total selected: 290164
Diversity chunk 1689 | processed unique SMILES: 1689000/1989633 | new selected: 107 | total selected: 290271
Diversity chunk 1690 | processed unique SMILES: 1690000/1989633 | new selected: 54 | total selected: 290325
Diversity chunk 1691 | processed unique SMILES: 1691000/1989633 | new selected: 216 | total selected: 290541
Diversity chunk 1692 | processed unique SMILES: 1692000/1989633 | new selected: 236 | total selected: 290777
Diversity chunk 1693 | processed unique SMILES: 1693000/1989633 | new selected: 307 | total selected: 291084
Diversity chunk 1694 | processed unique SMILES: 1694000/1989633 | new selected: 132 | total selected: 291216
Diversity chunk 1695 | processed unique SMILES: 1695000/1989633 | new selected: 217 | total selected: 291433
Diversity chunk 1696 | processed unique SMILES: 1696000/1989633 | new selected: 306 | total selected: 291739
Diversity chunk 1697 | processed unique SMILES: 1697000/1989633 | new selected: 200 | total selected: 291939
Diversity chunk 1698 | processed unique SMILES: 1698000/1989633 | new selected: 70 | total selected: 292009
Diversity chunk 1699 | processed unique SMILES: 1699000/1989633 | new selected: 242 | total selected: 292251
Diversity chunk 1700 | processed unique SMILES: 1700000/1989633 | new selected: 193 | total selected: 292444
Diversity chunk 1701 | processed unique SMILES: 1701000/1989633 | new selected: 149 | total selected: 292593
Diversity chunk 1702 | processed unique SMILES: 1702000/1989633 | new selected: 0 | total selected: 292593
Diversity chunk 1703 | processed unique SMILES: 1703000/1989633 | new selected: 175 | total selected: 292768
Diversity chunk 1704 | processed unique SMILES: 1704000/1989633 | new selected: 191 | total selected: 292959
Diversity chunk 1705 | processed unique SMILES: 1705000/1989633 | new selected: 175 | total selected: 293134
Diversity chunk 1706 | processed unique SMILES: 1706000/1989633 | new selected: 208 | total selected: 293342
Diversity chunk 1707 | processed unique SMILES: 1707000/1989633 | new selected: 596 | total selected: 293938
Diversity chunk 1708 | processed unique SMILES: 1708000/1989633 | new selected: 526 | total selected: 294464
Diversity chunk 1709 | processed unique SMILES: 1709000/1989633 | new selected: 510 | total selected: 294974
Diversity chunk 1710 | processed unique SMILES: 1710000/1989633 | new selected: 389 | total selected: 295363
Diversity chunk 1711 | processed unique SMILES: 1711000/1989633 | new selected: 20 | total selected: 295383
Diversity chunk 1712 | processed unique SMILES: 1712000/1989633 | new selected: 1 | total selected: 295384
Diversity chunk 1713 | processed unique SMILES: 1713000/1989633 | new selected: 0 | total selected: 295384
Diversity chunk 1714 | processed unique SMILES: 1714000/1989633 | new selected: 0 | total selected: 295384
Diversity chunk 1715 | processed unique SMILES: 1715000/1989633 | new selected: 0 | total selected: 295384
Diversity chunk 1716 | processed unique SMILES: 1716000/1989633 | new selected: 275 | total selected: 295659
Diversity chunk 1717 | processed unique SMILES: 1717000/1989633 | new selected: 118 | total selected: 295777
Diversity chunk 1718 | processed unique SMILES: 1718000/1989633 | new selected: 156 | total selected: 295933
Diversity chunk 1719 | processed unique SMILES: 1719000/1989633 | new selected: 472 | total selected: 296405
Diversity chunk 1720 | processed unique SMILES: 1720000/1989633 | new selected: 248 | total selected: 296653
Diversity chunk 1721 | processed unique SMILES: 1721000/1989633 | new selected: 343 | total selected: 296996
Diversity chunk 1722 | processed unique SMILES: 1722000/1989633 | new selected: 249 | total selected: 297245
Diversity chunk 1723 | processed unique SMILES: 1723000/1989633 | new selected: 233 | total selected: 297478
Diversity chunk 1724 | processed unique SMILES: 1724000/1989633 | new selected: 395 | total selected: 297873
Diversity chunk 1725 | processed unique SMILES: 1725000/1989633 | new selected: 78 | total selected: 297951
Diversity chunk 1726 | processed unique SMILES: 1726000/1989633 | new selected: 86 | total selected: 298037
Diversity chunk 1727 | processed unique SMILES: 1727000/1989633 | new selected: 302 | total selected: 298339
Diversity chunk 1728 | processed unique SMILES: 1728000/1989633 | new selected: 163 | total selected: 298502
Diversity chunk 1729 | processed unique SMILES: 1729000/1989633 | new selected: 212 | total selected: 298714
Diversity chunk 1730 | processed unique SMILES: 1730000/1989633 | new selected: 302 | total selected: 299016
Diversity chunk 1731 | processed unique SMILES: 1731000/1989633 | new selected: 214 | total selected: 299230
Diversity chunk 1732 | processed unique SMILES: 1732000/1989633 | new selected: 266 | total selected: 299496
Diversity chunk 1733 | processed unique SMILES: 1733000/1989633 | new selected: 166 | total selected: 299662
Diversity chunk 1734 | processed unique SMILES: 1734000/1989633 | new selected: 173 | total selected: 299835
Diversity chunk 1735 | processed unique SMILES: 1735000/1989633 | new selected: 172 | total selected: 300007
Diversity chunk 1736 | processed unique SMILES: 1736000/1989633 | new selected: 16 | total selected: 300023
Diversity chunk 1737 | processed unique SMILES: 1737000/1989633 | new selected: 68 | total selected: 300091
Diversity chunk 1738 | processed unique SMILES: 1738000/1989633 | new selected: 25 | total selected: 300116
Diversity chunk 1739 | processed unique SMILES: 1739000/1989633 | new selected: 0 | total selected: 300116
Diversity chunk 1740 | processed unique SMILES: 1740000/1989633 | new selected: 0 | total selected: 300116
Diversity chunk 1741 | processed unique SMILES: 1741000/1989633 | new selected: 223 | total selected: 300339
Diversity chunk 1742 | processed unique SMILES: 1742000/1989633 | new selected: 113 | total selected: 300452
Diversity chunk 1743 | processed unique SMILES: 1743000/1989633 | new selected: 84 | total selected: 300536
Diversity chunk 1744 | processed unique SMILES: 1744000/1989633 | new selected: 195 | total selected: 300731
Diversity chunk 1745 | processed unique SMILES: 1745000/1989633 | new selected: 281 | total selected: 301012
Diversity chunk 1746 | processed unique SMILES: 1746000/1989633 | new selected: 256 | total selected: 301268
Diversity chunk 1747 | processed unique SMILES: 1747000/1989633 | new selected: 10 | total selected: 301278
Diversity chunk 1748 | processed unique SMILES: 1748000/1989633 | new selected: 2 | total selected: 301280
Diversity chunk 1749 | processed unique SMILES: 1749000/1989633 | new selected: 77 | total selected: 301357
Diversity chunk 1750 | processed unique SMILES: 1750000/1989633 | new selected: 219 | total selected: 301576
Diversity chunk 1751 | processed unique SMILES: 1751000/1989633 | new selected: 19 | total selected: 301595
Diversity chunk 1752 | processed unique SMILES: 1752000/1989633 | new selected: 75 | total selected: 301670
Diversity chunk 1753 | processed unique SMILES: 1753000/1989633 | new selected: 11 | total selected: 301681
Diversity chunk 1754 | processed unique SMILES: 1754000/1989633 | new selected: 0 | total selected: 301681
Diversity chunk 1755 | processed unique SMILES: 1755000/1989633 | new selected: 11 | total selected: 301692
Diversity chunk 1756 | processed unique SMILES: 1756000/1989633 | new selected: 240 | total selected: 301932
Diversity chunk 1757 | processed unique SMILES: 1757000/1989633 | new selected: 129 | total selected: 302061
Diversity chunk 1758 | processed unique SMILES: 1758000/1989633 | new selected: 72 | total selected: 302133
Diversity chunk 1759 | processed unique SMILES: 1759000/1989633 | new selected: 282 | total selected: 302415
Diversity chunk 1760 | processed unique SMILES: 1760000/1989633 | new selected: 208 | total selected: 302623
Diversity chunk 1761 | processed unique SMILES: 1761000/1989633 | new selected: 0 | total selected: 302623
Diversity chunk 1762 | processed unique SMILES: 1762000/1989633 | new selected: 173 | total selected: 302796
Diversity chunk 1763 | processed unique SMILES: 1763000/1989633 | new selected: 131 | total selected: 302927
Diversity chunk 1764 | processed unique SMILES: 1764000/1989633 | new selected: 0 | total selected: 302927
Diversity chunk 1765 | processed unique SMILES: 1765000/1989633 | new selected: 0 | total selected: 302927
Diversity chunk 1766 | processed unique SMILES: 1766000/1989633 | new selected: 0 | total selected: 302927
Diversity chunk 1767 | processed unique SMILES: 1767000/1989633 | new selected: 0 | total selected: 302927
Diversity chunk 1768 | processed unique SMILES: 1768000/1989633 | new selected: 43 | total selected: 302970
Diversity chunk 1769 | processed unique SMILES: 1769000/1989633 | new selected: 0 | total selected: 302970
Diversity chunk 1770 | processed unique SMILES: 1770000/1989633 | new selected: 8 | total selected: 302978
Diversity chunk 1771 | processed unique SMILES: 1771000/1989633 | new selected: 8 | total selected: 302986
Diversity chunk 1772 | processed unique SMILES: 1772000/1989633 | new selected: 0 | total selected: 302986
Diversity chunk 1773 | processed unique SMILES: 1773000/1989633 | new selected: 0 | total selected: 302986
Diversity chunk 1774 | processed unique SMILES: 1774000/1989633 | new selected: 270 | total selected: 303256
Diversity chunk 1775 | processed unique SMILES: 1775000/1989633 | new selected: 393 | total selected: 303649
Diversity chunk 1776 | processed unique SMILES: 1776000/1989633 | new selected: 213 | total selected: 303862
Diversity chunk 1777 | processed unique SMILES: 1777000/1989633 | new selected: 295 | total selected: 304157
Diversity chunk 1778 | processed unique SMILES: 1778000/1989633 | new selected: 125 | total selected: 304282
Diversity chunk 1779 | processed unique SMILES: 1779000/1989633 | new selected: 74 | total selected: 304356
Diversity chunk 1780 | processed unique SMILES: 1780000/1989633 | new selected: 91 | total selected: 304447
Diversity chunk 1781 | processed unique SMILES: 1781000/1989633 | new selected: 0 | total selected: 304447
Diversity chunk 1782 | processed unique SMILES: 1782000/1989633 | new selected: 300 | total selected: 304747
Diversity chunk 1783 | processed unique SMILES: 1783000/1989633 | new selected: 268 | total selected: 305015
Diversity chunk 1784 | processed unique SMILES: 1784000/1989633 | new selected: 124 | total selected: 305139
Diversity chunk 1785 | processed unique SMILES: 1785000/1989633 | new selected: 86 | total selected: 305225
Diversity chunk 1786 | processed unique SMILES: 1786000/1989633 | new selected: 288 | total selected: 305513
Diversity chunk 1787 | processed unique SMILES: 1787000/1989633 | new selected: 92 | total selected: 305605
Diversity chunk 1788 | processed unique SMILES: 1788000/1989633 | new selected: 271 | total selected: 305876
Diversity chunk 1789 | processed unique SMILES: 1789000/1989633 | new selected: 100 | total selected: 305976
Diversity chunk 1790 | processed unique SMILES: 1790000/1989633 | new selected: 184 | total selected: 306160
Diversity chunk 1791 | processed unique SMILES: 1791000/1989633 | new selected: 249 | total selected: 306409
Diversity chunk 1792 | processed unique SMILES: 1792000/1989633 | new selected: 38 | total selected: 306447
Diversity chunk 1793 | processed unique SMILES: 1793000/1989633 | new selected: 61 | total selected: 306508
Diversity chunk 1794 | processed unique SMILES: 1794000/1989633 | new selected: 99 | total selected: 306607
Diversity chunk 1795 | processed unique SMILES: 1795000/1989633 | new selected: 94 | total selected: 306701
Diversity chunk 1796 | processed unique SMILES: 1796000/1989633 | new selected: 137 | total selected: 306838
Diversity chunk 1797 | processed unique SMILES: 1797000/1989633 | new selected: 263 | total selected: 307101
Diversity chunk 1798 | processed unique SMILES: 1798000/1989633 | new selected: 145 | total selected: 307246
Diversity chunk 1799 | processed unique SMILES: 1799000/1989633 | new selected: 120 | total selected: 307366
Diversity chunk 1800 | processed unique SMILES: 1800000/1989633 | new selected: 0 | total selected: 307366
Diversity chunk 1801 | processed unique SMILES: 1801000/1989633 | new selected: 48 | total selected: 307414
Diversity chunk 1802 | processed unique SMILES: 1802000/1989633 | new selected: 17 | total selected: 307431
Diversity chunk 1803 | processed unique SMILES: 1803000/1989633 | new selected: 15 | total selected: 307446
Diversity chunk 1804 | processed unique SMILES: 1804000/1989633 | new selected: 142 | total selected: 307588
Diversity chunk 1805 | processed unique SMILES: 1805000/1989633 | new selected: 30 | total selected: 307618
Diversity chunk 1806 | processed unique SMILES: 1806000/1989633 | new selected: 0 | total selected: 307618
Diversity chunk 1807 | processed unique SMILES: 1807000/1989633 | new selected: 0 | total selected: 307618
Diversity chunk 1808 | processed unique SMILES: 1808000/1989633 | new selected: 104 | total selected: 307722
Diversity chunk 1809 | processed unique SMILES: 1809000/1989633 | new selected: 68 | total selected: 307790
Diversity chunk 1810 | processed unique SMILES: 1810000/1989633 | new selected: 116 | total selected: 307906
Diversity chunk 1811 | processed unique SMILES: 1811000/1989633 | new selected: 220 | total selected: 308126
Diversity chunk 1812 | processed unique SMILES: 1812000/1989633 | new selected: 255 | total selected: 308381
Diversity chunk 1813 | processed unique SMILES: 1813000/1989633 | new selected: 188 | total selected: 308569
Diversity chunk 1814 | processed unique SMILES: 1814000/1989633 | new selected: 249 | total selected: 308818
Diversity chunk 1815 | processed unique SMILES: 1815000/1989633 | new selected: 433 | total selected: 309251
Diversity chunk 1816 | processed unique SMILES: 1816000/1989633 | new selected: 397 | total selected: 309648
Diversity chunk 1817 | processed unique SMILES: 1817000/1989633 | new selected: 310 | total selected: 309958
Diversity chunk 1818 | processed unique SMILES: 1818000/1989633 | new selected: 260 | total selected: 310218
Diversity chunk 1819 | processed unique SMILES: 1819000/1989633 | new selected: 174 | total selected: 310392
Diversity chunk 1820 | processed unique SMILES: 1820000/1989633 | new selected: 15 | total selected: 310407
Diversity chunk 1821 | processed unique SMILES: 1821000/1989633 | new selected: 237 | total selected: 310644
Diversity chunk 1822 | processed unique SMILES: 1822000/1989633 | new selected: 4 | total selected: 310648
Diversity chunk 1823 | processed unique SMILES: 1823000/1989633 | new selected: 83 | total selected: 310731
Diversity chunk 1824 | processed unique SMILES: 1824000/1989633 | new selected: 97 | total selected: 310828
Diversity chunk 1825 | processed unique SMILES: 1825000/1989633 | new selected: 420 | total selected: 311248
Diversity chunk 1826 | processed unique SMILES: 1826000/1989633 | new selected: 273 | total selected: 311521
Diversity chunk 1827 | processed unique SMILES: 1827000/1989633 | new selected: 254 | total selected: 311775
Diversity chunk 1828 | processed unique SMILES: 1828000/1989633 | new selected: 256 | total selected: 312031
Diversity chunk 1829 | processed unique SMILES: 1829000/1989633 | new selected: 305 | total selected: 312336
Diversity chunk 1830 | processed unique SMILES: 1830000/1989633 | new selected: 88 | total selected: 312424
Diversity chunk 1831 | processed unique SMILES: 1831000/1989633 | new selected: 157 | total selected: 312581
Diversity chunk 1832 | processed unique SMILES: 1832000/1989633 | new selected: 22 | total selected: 312603
Diversity chunk 1833 | processed unique SMILES: 1833000/1989633 | new selected: 99 | total selected: 312702
Diversity chunk 1834 | processed unique SMILES: 1834000/1989633 | new selected: 0 | total selected: 312702
Diversity chunk 1835 | processed unique SMILES: 1835000/1989633 | new selected: 86 | total selected: 312788
Diversity chunk 1836 | processed unique SMILES: 1836000/1989633 | new selected: 17 | total selected: 312805
Diversity chunk 1837 | processed unique SMILES: 1837000/1989633 | new selected: 0 | total selected: 312805
Diversity chunk 1838 | processed unique SMILES: 1838000/1989633 | new selected: 116 | total selected: 312921
Diversity chunk 1839 | processed unique SMILES: 1839000/1989633 | new selected: 325 | total selected: 313246
Diversity chunk 1840 | processed unique SMILES: 1840000/1989633 | new selected: 322 | total selected: 313568
Diversity chunk 1841 | processed unique SMILES: 1841000/1989633 | new selected: 215 | total selected: 313783
Diversity chunk 1842 | processed unique SMILES: 1842000/1989633 | new selected: 212 | total selected: 313995
Diversity chunk 1843 | processed unique SMILES: 1843000/1989633 | new selected: 217 | total selected: 314212
Diversity chunk 1844 | processed unique SMILES: 1844000/1989633 | new selected: 0 | total selected: 314212
Diversity chunk 1845 | processed unique SMILES: 1845000/1989633 | new selected: 333 | total selected: 314545
Diversity chunk 1846 | processed unique SMILES: 1846000/1989633 | new selected: 515 | total selected: 315060
Diversity chunk 1847 | processed unique SMILES: 1847000/1989633 | new selected: 295 | total selected: 315355
Diversity chunk 1848 | processed unique SMILES: 1848000/1989633 | new selected: 332 | total selected: 315687
Diversity chunk 1849 | processed unique SMILES: 1849000/1989633 | new selected: 336 | total selected: 316023
Diversity chunk 1850 | processed unique SMILES: 1850000/1989633 | new selected: 261 | total selected: 316284
Diversity chunk 1851 | processed unique SMILES: 1851000/1989633 | new selected: 296 | total selected: 316580
Diversity chunk 1852 | processed unique SMILES: 1852000/1989633 | new selected: 272 | total selected: 316852
Diversity chunk 1853 | processed unique SMILES: 1853000/1989633 | new selected: 184 | total selected: 317036
Diversity chunk 1854 | processed unique SMILES: 1854000/1989633 | new selected: 316 | total selected: 317352
Diversity chunk 1855 | processed unique SMILES: 1855000/1989633 | new selected: 187 | total selected: 317539
Diversity chunk 1856 | processed unique SMILES: 1856000/1989633 | new selected: 135 | total selected: 317674
Diversity chunk 1857 | processed unique SMILES: 1857000/1989633 | new selected: 346 | total selected: 318020
Diversity chunk 1858 | processed unique SMILES: 1858000/1989633 | new selected: 191 | total selected: 318211
Diversity chunk 1859 | processed unique SMILES: 1859000/1989633 | new selected: 153 | total selected: 318364
Diversity chunk 1860 | processed unique SMILES: 1860000/1989633 | new selected: 50 | total selected: 318414
Diversity chunk 1861 | processed unique SMILES: 1861000/1989633 | new selected: 97 | total selected: 318511
Diversity chunk 1862 | processed unique SMILES: 1862000/1989633 | new selected: 135 | total selected: 318646
Diversity chunk 1863 | processed unique SMILES: 1863000/1989633 | new selected: 0 | total selected: 318646
Diversity chunk 1864 | processed unique SMILES: 1864000/1989633 | new selected: 86 | total selected: 318732
Diversity chunk 1865 | processed unique SMILES: 1865000/1989633 | new selected: 162 | total selected: 318894
Diversity chunk 1866 | processed unique SMILES: 1866000/1989633 | new selected: 53 | total selected: 318947
Diversity chunk 1867 | processed unique SMILES: 1867000/1989633 | new selected: 158 | total selected: 319105
Diversity chunk 1868 | processed unique SMILES: 1868000/1989633 | new selected: 279 | total selected: 319384
Diversity chunk 1869 | processed unique SMILES: 1869000/1989633 | new selected: 354 | total selected: 319738
Diversity chunk 1870 | processed unique SMILES: 1870000/1989633 | new selected: 299 | total selected: 320037
Diversity chunk 1871 | processed unique SMILES: 1871000/1989633 | new selected: 135 | total selected: 320172
Diversity chunk 1872 | processed unique SMILES: 1872000/1989633 | new selected: 133 | total selected: 320305
Diversity chunk 1873 | processed unique SMILES: 1873000/1989633 | new selected: 149 | total selected: 320454
Diversity chunk 1874 | processed unique SMILES: 1874000/1989633 | new selected: 193 | total selected: 320647
Diversity chunk 1875 | processed unique SMILES: 1875000/1989633 | new selected: 496 | total selected: 321143
Diversity chunk 1876 | processed unique SMILES: 1876000/1989633 | new selected: 416 | total selected: 321559
Diversity chunk 1877 | processed unique SMILES: 1877000/1989633 | new selected: 120 | total selected: 321679
Diversity chunk 1878 | processed unique SMILES: 1878000/1989633 | new selected: 68 | total selected: 321747
Diversity chunk 1879 | processed unique SMILES: 1879000/1989633 | new selected: 302 | total selected: 322049
Diversity chunk 1880 | processed unique SMILES: 1880000/1989633 | new selected: 335 | total selected: 322384
Diversity chunk 1881 | processed unique SMILES: 1881000/1989633 | new selected: 324 | total selected: 322708
Diversity chunk 1882 | processed unique SMILES: 1882000/1989633 | new selected: 375 | total selected: 323083
Diversity chunk 1883 | processed unique SMILES: 1883000/1989633 | new selected: 306 | total selected: 323389
Diversity chunk 1884 | processed unique SMILES: 1884000/1989633 | new selected: 282 | total selected: 323671
Diversity chunk 1885 | processed unique SMILES: 1885000/1989633 | new selected: 198 | total selected: 323869
Diversity chunk 1886 | processed unique SMILES: 1886000/1989633 | new selected: 181 | total selected: 324050
Diversity chunk 1887 | processed unique SMILES: 1887000/1989633 | new selected: 177 | total selected: 324227
Diversity chunk 1888 | processed unique SMILES: 1888000/1989633 | new selected: 91 | total selected: 324318
Diversity chunk 1889 | processed unique SMILES: 1889000/1989633 | new selected: 40 | total selected: 324358
Diversity chunk 1890 | processed unique SMILES: 1890000/1989633 | new selected: 58 | total selected: 324416
Diversity chunk 1891 | processed unique SMILES: 1891000/1989633 | new selected: 516 | total selected: 324932
Diversity chunk 1892 | processed unique SMILES: 1892000/1989633 | new selected: 312 | total selected: 325244
Diversity chunk 1893 | processed unique SMILES: 1893000/1989633 | new selected: 359 | total selected: 325603
Diversity chunk 1894 | processed unique SMILES: 1894000/1989633 | new selected: 207 | total selected: 325810
Diversity chunk 1895 | processed unique SMILES: 1895000/1989633 | new selected: 9 | total selected: 325819
Diversity chunk 1896 | processed unique SMILES: 1896000/1989633 | new selected: 68 | total selected: 325887
Diversity chunk 1897 | processed unique SMILES: 1897000/1989633 | new selected: 24 | total selected: 325911
Diversity chunk 1898 | processed unique SMILES: 1898000/1989633 | new selected: 7 | total selected: 325918
Diversity chunk 1899 | processed unique SMILES: 1899000/1989633 | new selected: 111 | total selected: 326029
Diversity chunk 1900 | processed unique SMILES: 1900000/1989633 | new selected: 276 | total selected: 326305
Diversity chunk 1901 | processed unique SMILES: 1901000/1989633 | new selected: 251 | total selected: 326556
Diversity chunk 1902 | processed unique SMILES: 1902000/1989633 | new selected: 372 | total selected: 326928
Diversity chunk 1903 | processed unique SMILES: 1903000/1989633 | new selected: 83 | total selected: 327011
Diversity chunk 1904 | processed unique SMILES: 1904000/1989633 | new selected: 279 | total selected: 327290
Diversity chunk 1905 | processed unique SMILES: 1905000/1989633 | new selected: 226 | total selected: 327516
Diversity chunk 1906 | processed unique SMILES: 1906000/1989633 | new selected: 309 | total selected: 327825
Diversity chunk 1907 | processed unique SMILES: 1907000/1989633 | new selected: 266 | total selected: 328091
Diversity chunk 1908 | processed unique SMILES: 1908000/1989633 | new selected: 135 | total selected: 328226
Diversity chunk 1909 | processed unique SMILES: 1909000/1989633 | new selected: 255 | total selected: 328481
Diversity chunk 1910 | processed unique SMILES: 1910000/1989633 | new selected: 335 | total selected: 328816
Diversity chunk 1911 | processed unique SMILES: 1911000/1989633 | new selected: 111 | total selected: 328927
Diversity chunk 1912 | processed unique SMILES: 1912000/1989633 | new selected: 162 | total selected: 329089
Diversity chunk 1913 | processed unique SMILES: 1913000/1989633 | new selected: 252 | total selected: 329341
Diversity chunk 1914 | processed unique SMILES: 1914000/1989633 | new selected: 213 | total selected: 329554
Diversity chunk 1915 | processed unique SMILES: 1915000/1989633 | new selected: 224 | total selected: 329778
Diversity chunk 1916 | processed unique SMILES: 1916000/1989633 | new selected: 292 | total selected: 330070
Diversity chunk 1917 | processed unique SMILES: 1917000/1989633 | new selected: 259 | total selected: 330329
Diversity chunk 1918 | processed unique SMILES: 1918000/1989633 | new selected: 223 | total selected: 330552
Diversity chunk 1919 | processed unique SMILES: 1919000/1989633 | new selected: 326 | total selected: 330878
Diversity chunk 1920 | processed unique SMILES: 1920000/1989633 | new selected: 259 | total selected: 331137
Diversity chunk 1921 | processed unique SMILES: 1921000/1989633 | new selected: 205 | total selected: 331342
Diversity chunk 1922 | processed unique SMILES: 1922000/1989633 | new selected: 89 | total selected: 331431
Diversity chunk 1923 | processed unique SMILES: 1923000/1989633 | new selected: 161 | total selected: 331592
Diversity chunk 1924 | processed unique SMILES: 1924000/1989633 | new selected: 459 | total selected: 332051
Diversity chunk 1925 | processed unique SMILES: 1925000/1989633 | new selected: 466 | total selected: 332517
Diversity chunk 1926 | processed unique SMILES: 1926000/1989633 | new selected: 402 | total selected: 332919
Diversity chunk 1927 | processed unique SMILES: 1927000/1989633 | new selected: 375 | total selected: 333294
Diversity chunk 1928 | processed unique SMILES: 1928000/1989633 | new selected: 171 | total selected: 333465
Diversity chunk 1929 | processed unique SMILES: 1929000/1989633 | new selected: 214 | total selected: 333679
Diversity chunk 1930 | processed unique SMILES: 1930000/1989633 | new selected: 72 | total selected: 333751
Diversity chunk 1931 | processed unique SMILES: 1931000/1989633 | new selected: 2 | total selected: 333753
Diversity chunk 1932 | processed unique SMILES: 1932000/1989633 | new selected: 180 | total selected: 333933
Diversity chunk 1933 | processed unique SMILES: 1933000/1989633 | new selected: 142 | total selected: 334075
Diversity chunk 1934 | processed unique SMILES: 1934000/1989633 | new selected: 306 | total selected: 334381
Diversity chunk 1935 | processed unique SMILES: 1935000/1989633 | new selected: 568 | total selected: 334949
Diversity chunk 1936 | processed unique SMILES: 1936000/1989633 | new selected: 332 | total selected: 335281
Diversity chunk 1937 | processed unique SMILES: 1937000/1989633 | new selected: 316 | total selected: 335597
Diversity chunk 1938 | processed unique SMILES: 1938000/1989633 | new selected: 27 | total selected: 335624
Diversity chunk 1939 | processed unique SMILES: 1939000/1989633 | new selected: 151 | total selected: 335775
Diversity chunk 1940 | processed unique SMILES: 1940000/1989633 | new selected: 143 | total selected: 335918
Diversity chunk 1941 | processed unique SMILES: 1941000/1989633 | new selected: 150 | total selected: 336068
Diversity chunk 1942 | processed unique SMILES: 1942000/1989633 | new selected: 9 | total selected: 336077
Diversity chunk 1943 | processed unique SMILES: 1943000/1989633 | new selected: 99 | total selected: 336176
Diversity chunk 1944 | processed unique SMILES: 1944000/1989633 | new selected: 60 | total selected: 336236
Diversity chunk 1945 | processed unique SMILES: 1945000/1989633 | new selected: 174 | total selected: 336410
Diversity chunk 1946 | processed unique SMILES: 1946000/1989633 | new selected: 211 | total selected: 336621
Diversity chunk 1947 | processed unique SMILES: 1947000/1989633 | new selected: 220 | total selected: 336841
Diversity chunk 1948 | processed unique SMILES: 1948000/1989633 | new selected: 436 | total selected: 337277
Diversity chunk 1949 | processed unique SMILES: 1949000/1989633 | new selected: 269 | total selected: 337546
Diversity chunk 1950 | processed unique SMILES: 1950000/1989633 | new selected: 250 | total selected: 337796
Diversity chunk 1951 | processed unique SMILES: 1951000/1989633 | new selected: 339 | total selected: 338135
Diversity chunk 1952 | processed unique SMILES: 1952000/1989633 | new selected: 405 | total selected: 338540
Diversity chunk 1953 | processed unique SMILES: 1953000/1989633 | new selected: 361 | total selected: 338901
Diversity chunk 1954 | processed unique SMILES: 1954000/1989633 | new selected: 260 | total selected: 339161
Diversity chunk 1955 | processed unique SMILES: 1955000/1989633 | new selected: 366 | total selected: 339527
Diversity chunk 1956 | processed unique SMILES: 1956000/1989633 | new selected: 351 | total selected: 339878
Diversity chunk 1957 | processed unique SMILES: 1957000/1989633 | new selected: 0 | total selected: 339878
Diversity chunk 1958 | processed unique SMILES: 1958000/1989633 | new selected: 0 | total selected: 339878
Diversity chunk 1959 | processed unique SMILES: 1959000/1989633 | new selected: 50 | total selected: 339928
Diversity chunk 1960 | processed unique SMILES: 1960000/1989633 | new selected: 189 | total selected: 340117
Diversity chunk 1961 | processed unique SMILES: 1961000/1989633 | new selected: 197 | total selected: 340314
Diversity chunk 1962 | processed unique SMILES: 1962000/1989633 | new selected: 114 | total selected: 340428
Diversity chunk 1963 | processed unique SMILES: 1963000/1989633 | new selected: 150 | total selected: 340578
Diversity chunk 1964 | processed unique SMILES: 1964000/1989633 | new selected: 33 | total selected: 340611
Diversity chunk 1965 | processed unique SMILES: 1965000/1989633 | new selected: 422 | total selected: 341033
Diversity chunk 1966 | processed unique SMILES: 1966000/1989633 | new selected: 319 | total selected: 341352
Diversity chunk 1967 | processed unique SMILES: 1967000/1989633 | new selected: 51 | total selected: 341403
Diversity chunk 1968 | processed unique SMILES: 1968000/1989633 | new selected: 425 | total selected: 341828
Diversity chunk 1969 | processed unique SMILES: 1969000/1989633 | new selected: 481 | total selected: 342309
Diversity chunk 1970 | processed unique SMILES: 1970000/1989633 | new selected: 486 | total selected: 342795
Diversity chunk 1971 | processed unique SMILES: 1971000/1989633 | new selected: 339 | total selected: 343134
Diversity chunk 1972 | processed unique SMILES: 1972000/1989633 | new selected: 280 | total selected: 343414
Diversity chunk 1973 | processed unique SMILES: 1973000/1989633 | new selected: 84 | total selected: 343498
Diversity chunk 1974 | processed unique SMILES: 1974000/1989633 | new selected: 147 | total selected: 343645
Diversity chunk 1975 | processed unique SMILES: 1975000/1989633 | new selected: 276 | total selected: 343921
Diversity chunk 1976 | processed unique SMILES: 1976000/1989633 | new selected: 195 | total selected: 344116
Diversity chunk 1977 | processed unique SMILES: 1977000/1989633 | new selected: 238 | total selected: 344354
Diversity chunk 1978 | processed unique SMILES: 1978000/1989633 | new selected: 281 | total selected: 344635
Diversity chunk 1979 | processed unique SMILES: 1979000/1989633 | new selected: 460 | total selected: 345095
Diversity chunk 1980 | processed unique SMILES: 1980000/1989633 | new selected: 140 | total selected: 345235
Diversity chunk 1981 | processed unique SMILES: 1981000/1989633 | new selected: 0 | total selected: 345235
Diversity chunk 1982 | processed unique SMILES: 1982000/1989633 | new selected: 0 | total selected: 345235
Diversity chunk 1983 | processed unique SMILES: 1983000/1989633 | new selected: 218 | total selected: 345453
Diversity chunk 1984 | processed unique SMILES: 1984000/1989633 | new selected: 117 | total selected: 345570
Diversity chunk 1985 | processed unique SMILES: 1985000/1989633 | new selected: 68 | total selected: 345638
Diversity chunk 1986 | processed unique SMILES: 1986000/1989633 | new selected: 0 | total selected: 345638
Diversity chunk 1987 | processed unique SMILES: 1987000/1989633 | new selected: 0 | total selected: 345638
Diversity chunk 1988 | processed unique SMILES: 1988000/1989633 | new selected: 46 | total selected: 345684
Diversity chunk 1989 | processed unique SMILES: 1989000/1989633 | new selected: 77 | total selected: 345761
Diversity chunk 1990 | processed unique SMILES: 1989633/1989633 | new selected: 1 | total selected: 345762
Original unique valid molecules: 1989633
Diversity-filtered molecules: 345762
Filtered input dataframe shape: (345821, 8)
Saved diversity-filtered input to: /mnt/data.ese/nfs/users/sghosh6/DTRA_project/MACAW/DrugDesignData/Results/combinedEbolaVirus_bestMACAW_allDB/combinedEbolaVirusData_InosineSimilarstructures_DORAnetGenerated_ARTprediction_diverseInput.csv
Unique SMILES for prediction: 345821
Remaining SMILES to process: 345821
Loading pretrained parameter "encoder.encoder.0.cached_zero_vector".
Loading pretrained parameter "encoder.encoder.0.W_i.weight".
Loading pretrained parameter "encoder.encoder.0.W_h.weight".
Loading pretrained parameter "encoder.encoder.0.W_o.weight".
Loading pretrained parameter "encoder.encoder.0.W_o.bias".
Loading pretrained parameter "readout.1.weight".
Loading pretrained parameter "readout.1.bias".
Loading pretrained parameter "readout.4.weight".
Loading pretrained parameter "readout.4.bias".
Loading pretrained parameter "encoder.encoder.0.cached_zero_vector".
Loading pretrained parameter "encoder.encoder.0.W_i.weight".
Loading pretrained parameter "encoder.encoder.0.W_h.weight".
Loading pretrained parameter "encoder.encoder.0.W_o.weight".
Loading pretrained parameter "encoder.encoder.0.W_o.bias".
Loading pretrained parameter "readout.1.weight".
Loading pretrained parameter "readout.1.bias".
Loading pretrained parameter "readout.4.weight".
Loading pretrained parameter "readout.4.bias".
Loading pretrained parameter "encoder.encoder.0.cached_zero_vector".
Loading pretrained parameter "encoder.encoder.0.W_i.weight".
Loading pretrained parameter "encoder.encoder.0.W_h.weight".
Loading pretrained parameter "encoder.encoder.0.W_o.weight".
Loading pretrained parameter "encoder.encoder.0.W_o.bias".
Loading pretrained parameter "readout.1.weight".
Loading pretrained parameter "readout.1.bias".
Loading pretrained parameter "readout.4.weight".
Loading pretrained parameter "readout.4.bias".
Loading pretrained parameter "encoder.encoder.0.cached_zero_vector".
Loading pretrained parameter "encoder.encoder.0.W_i.weight".
Loading pretrained parameter "encoder.encoder.0.W_h.weight".
Loading pretrained parameter "encoder.encoder.0.W_o.weight".
Loading pretrained parameter "encoder.encoder.0.W_o.bias".
Loading pretrained parameter "readout.1.weight".
Loading pretrained parameter "readout.1.bias".
Loading pretrained parameter "readout.4.weight".
Loading pretrained parameter "readout.4.bias".
Loading pretrained parameter "encoder.encoder.0.cached_zero_vector".
Loading pretrained parameter "encoder.encoder.0.W_i.weight".
Loading pretrained parameter "encoder.encoder.0.W_h.weight".
Loading pretrained parameter "encoder.encoder.0.W_o.weight".
Loading pretrained parameter "encoder.encoder.0.W_o.bias".
Loading pretrained parameter "readout.1.weight".
Loading pretrained parameter "readout.1.bias".
Loading pretrained parameter "readout.4.weight".
Loading pretrained parameter "readout.4.bias".
Loading pretrained parameter "encoder.encoder.0.cached_zero_vector".
Loading pretrained parameter "encoder.encoder.0.W_i.weight".
Loading pretrained parameter "encoder.encoder.0.W_h.weight".
Loading pretrained parameter "encoder.encoder.0.W_o.weight".
Loading pretrained parameter "encoder.encoder.0.W_o.bias".
Loading pretrained parameter "readout.1.weight".
Loading pretrained parameter "readout.1.bias".
Loading pretrained parameter "readout.4.weight".
Loading pretrained parameter "readout.4.bias".
Loading pretrained parameter "encoder.encoder.0.cached_zero_vector".
Loading pretrained parameter "encoder.encoder.0.W_i.weight".
Loading pretrained parameter "encoder.encoder.0.W_h.weight".
Loading pretrained parameter "encoder.encoder.0.W_o.weight".
Loading pretrained parameter "encoder.encoder.0.W_o.bias".
Loading pretrained parameter "readout.1.weight".
Loading pretrained parameter "readout.1.bias".
Loading pretrained parameter "readout.4.weight".
Loading pretrained parameter "readout.4.bias".
Loading pretrained parameter "encoder.encoder.0.cached_zero_vector".
Loading pretrained parameter "encoder.encoder.0.W_i.weight".
Loading pretrained parameter "encoder.encoder.0.W_h.weight".
Loading pretrained parameter "encoder.encoder.0.W_o.weight".
Loading pretrained parameter "encoder.encoder.0.W_o.bias".
Loading pretrained parameter "readout.1.weight".
Loading pretrained parameter "readout.1.bias".
Loading pretrained parameter "readout.4.weight".
Loading pretrained parameter "readout.4.bias".
Loading pretrained parameter "encoder.encoder.0.cached_zero_vector".
Loading pretrained parameter "encoder.encoder.0.W_i.weight".
Loading pretrained parameter "encoder.encoder.0.W_h.weight".
Loading pretrained parameter "encoder.encoder.0.W_o.weight".
Loading pretrained parameter "encoder.encoder.0.W_o.bias".
Loading pretrained parameter "readout.1.weight".
Loading pretrained parameter "readout.1.bias".
Loading pretrained parameter "readout.4.weight".
Loading pretrained parameter "readout.4.bias".
Loading pretrained parameter "encoder.encoder.0.cached_zero_vector".
Loading pretrained parameter "encoder.encoder.0.W_i.weight".
Loading pretrained parameter "encoder.encoder.0.W_h.weight".
Loading pretrained parameter "encoder.encoder.0.W_o.weight".
Loading pretrained parameter "encoder.encoder.0.W_o.bias".
Loading pretrained parameter "readout.1.weight".
Loading pretrained parameter "readout.1.bias".
Loading pretrained parameter "readout.4.weight".
Loading pretrained parameter "readout.4.bias".
Processed batch 1/692 | batch size: 500 | time: 7.83 s
Processed batch 2/692 | batch size: 500 | time: 6.45 s
Processed batch 3/692 | batch size: 500 | time: 7.31 s
Processed batch 4/692 | batch size: 500 | time: 7.63 s
Processed batch 5/692 | batch size: 500 | time: 7.57 s
Processed batch 6/692 | batch size: 500 | time: 7.75 s
Processed batch 7/692 | batch size: 500 | time: 7.24 s
Processed batch 8/692 | batch size: 500 | time: 7.39 s
Processed batch 9/692 | batch size: 500 | time: 6.89 s
Processed batch 10/692 | batch size: 500 | time: 7.65 s
Processed batch 11/692 | batch size: 500 | time: 7.60 s
Processed batch 12/692 | batch size: 500 | time: 7.10 s
Processed batch 13/692 | batch size: 500 | time: 7.66 s
Processed batch 14/692 | batch size: 500 | time: 8.90 s
Processed batch 15/692 | batch size: 500 | time: 7.70 s
Processed batch 16/692 | batch size: 500 | time: 8.40 s
Processed batch 17/692 | batch size: 500 | time: 7.19 s
Processed batch 18/692 | batch size: 500 | time: 6.92 s
Processed batch 19/692 | batch size: 500 | time: 8.84 s
Processed batch 20/692 | batch size: 500 | time: 8.83 s
Processed batch 21/692 | batch size: 500 | time: 8.57 s
Processed batch 22/692 | batch size: 500 | time: 7.40 s
Processed batch 23/692 | batch size: 500 | time: 9.58 s
Processed batch 24/692 | batch size: 500 | time: 8.08 s
Processed batch 25/692 | batch size: 500 | time: 8.57 s
Processed batch 26/692 | batch size: 500 | time: 9.73 s
Processed batch 27/692 | batch size: 500 | time: 8.79 s
Processed batch 28/692 | batch size: 500 | time: 8.97 s
Processed batch 29/692 | batch size: 500 | time: 8.55 s
Processed batch 30/692 | batch size: 500 | time: 9.84 s
Processed batch 31/692 | batch size: 500 | time: 9.29 s
Processed batch 32/692 | batch size: 500 | time: 8.96 s
Processed batch 33/692 | batch size: 500 | time: 8.98 s
Processed batch 34/692 | batch size: 500 | time: 8.44 s
Processed batch 35/692 | batch size: 500 | time: 10.26 s
Processed batch 36/692 | batch size: 500 | time: 9.13 s
Processed batch 37/692 | batch size: 500 | time: 9.18 s
Processed batch 38/692 | batch size: 500 | time: 9.77 s
Processed batch 39/692 | batch size: 500 | time: 9.33 s
Processed batch 40/692 | batch size: 500 | time: 10.49 s
Processed batch 41/692 | batch size: 500 | time: 11.99 s
Processed batch 42/692 | batch size: 500 | time: 9.07 s
Processed batch 43/692 | batch size: 500 | time: 9.16 s
Processed batch 44/692 | batch size: 500 | time: 10.76 s
Processed batch 45/692 | batch size: 500 | time: 9.46 s
Processed batch 46/692 | batch size: 500 | time: 10.32 s
Processed batch 47/692 | batch size: 500 | time: 12.54 s
Processed batch 48/692 | batch size: 500 | time: 10.48 s
Processed batch 49/692 | batch size: 500 | time: 10.91 s
Processed batch 50/692 | batch size: 500 | time: 10.57 s
Processed batch 51/692 | batch size: 500 | time: 10.92 s
Processed batch 52/692 | batch size: 500 | time: 10.77 s
Processed batch 53/692 | batch size: 500 | time: 9.83 s
Processed batch 54/692 | batch size: 500 | time: 13.46 s
Processed batch 55/692 | batch size: 500 | time: 9.95 s
Processed batch 56/692 | batch size: 500 | time: 11.16 s
Processed batch 57/692 | batch size: 500 | time: 11.44 s
Processed batch 58/692 | batch size: 500 | time: 10.98 s
Processed batch 59/692 | batch size: 500 | time: 11.06 s
Processed batch 60/692 | batch size: 500 | time: 11.06 s
Processed batch 61/692 | batch size: 500 | time: 11.94 s
Processed batch 62/692 | batch size: 500 | time: 13.59 s
Processed batch 63/692 | batch size: 500 | time: 11.76 s
Processed batch 64/692 | batch size: 500 | time: 11.77 s
Processed batch 65/692 | batch size: 500 | time: 11.92 s
Processed batch 66/692 | batch size: 500 | time: 11.84 s
Processed batch 67/692 | batch size: 500 | time: 12.12 s
Processed batch 68/692 | batch size: 500 | time: 11.81 s
Processed batch 69/692 | batch size: 500 | time: 12.70 s
Processed batch 70/692 | batch size: 500 | time: 13.77 s
Processed batch 71/692 | batch size: 500 | time: 11.73 s
Processed batch 72/692 | batch size: 500 | time: 12.17 s
Processed batch 73/692 | batch size: 500 | time: 12.59 s
Processed batch 74/692 | batch size: 500 | time: 12.61 s
Processed batch 75/692 | batch size: 500 | time: 12.95 s
Processed batch 76/692 | batch size: 500 | time: 12.34 s
Processed batch 77/692 | batch size: 500 | time: 12.86 s
Processed batch 78/692 | batch size: 500 | time: 12.40 s
Processed batch 79/692 | batch size: 500 | time: 12.32 s
Processed batch 80/692 | batch size: 500 | time: 15.69 s
Processed batch 81/692 | batch size: 500 | time: 12.23 s
Processed batch 82/692 | batch size: 500 | time: 12.05 s
Processed batch 83/692 | batch size: 500 | time: 12.90 s
Processed batch 84/692 | batch size: 500 | time: 13.50 s
Processed batch 85/692 | batch size: 500 | time: 13.26 s
Processed batch 86/692 | batch size: 500 | time: 13.48 s
Processed batch 87/692 | batch size: 500 | time: 14.00 s
Processed batch 88/692 | batch size: 500 | time: 13.44 s
Processed batch 89/692 | batch size: 500 | time: 13.76 s
Processed batch 90/692 | batch size: 500 | time: 13.59 s
Processed batch 91/692 | batch size: 500 | time: 16.43 s
Processed batch 92/692 | batch size: 500 | time: 12.73 s
Processed batch 93/692 | batch size: 500 | time: 13.05 s
Processed batch 94/692 | batch size: 500 | time: 13.99 s
Processed batch 95/692 | batch size: 500 | time: 13.80 s
Processed batch 96/692 | batch size: 500 | time: 12.32 s
Processed batch 97/692 | batch size: 500 | time: 13.86 s
Processed batch 98/692 | batch size: 500 | time: 14.03 s
Processed batch 99/692 | batch size: 500 | time: 13.99 s
Processed batch 100/692 | batch size: 500 | time: 14.30 s
Processed batch 101/692 | batch size: 500 | time: 14.38 s
Processed batch 102/692 | batch size: 500 | time: 13.60 s
Processed batch 103/692 | batch size: 500 | time: 14.19 s
Processed batch 104/692 | batch size: 500 | time: 13.76 s
Processed batch 105/692 | batch size: 500 | time: 17.97 s
Processed batch 106/692 | batch size: 500 | time: 15.32 s
Processed batch 107/692 | batch size: 500 | time: 14.68 s
Processed batch 108/692 | batch size: 500 | time: 14.58 s
Processed batch 109/692 | batch size: 500 | time: 14.74 s
Processed batch 110/692 | batch size: 500 | time: 15.31 s
Processed batch 111/692 | batch size: 500 | time: 15.07 s
Processed batch 112/692 | batch size: 500 | time: 15.30 s
Processed batch 113/692 | batch size: 500 | time: 15.10 s
Processed batch 114/692 | batch size: 500 | time: 14.91 s
Processed batch 115/692 | batch size: 500 | time: 14.47 s
Processed batch 116/692 | batch size: 500 | time: 14.96 s
Processed batch 117/692 | batch size: 500 | time: 16.09 s
Processed batch 118/692 | batch size: 500 | time: 19.74 s
Processed batch 119/692 | batch size: 500 | time: 14.90 s
Processed batch 120/692 | batch size: 500 | time: 14.73 s
Processed batch 121/692 | batch size: 500 | time: 14.57 s
Processed batch 122/692 | batch size: 500 | time: 14.51 s
Processed batch 123/692 | batch size: 500 | time: 15.63 s
Processed batch 124/692 | batch size: 500 | time: 16.27 s
Processed batch 125/692 | batch size: 500 | time: 16.44 s
Processed batch 126/692 | batch size: 500 | time: 16.52 s
Processed batch 127/692 | batch size: 500 | time: 16.16 s
Processed batch 128/692 | batch size: 500 | time: 15.53 s
Processed batch 129/692 | batch size: 500 | time: 15.31 s
Processed batch 130/692 | batch size: 500 | time: 15.24 s
Processed batch 131/692 | batch size: 500 | time: 15.55 s
Processed batch 132/692 | batch size: 500 | time: 16.51 s
Processed batch 133/692 | batch size: 500 | time: 15.37 s
Processed batch 134/692 | batch size: 500 | time: 16.95 s
Processed batch 135/692 | batch size: 500 | time: 16.47 s
Processed batch 136/692 | batch size: 500 | time: 22.31 s
Processed batch 137/692 | batch size: 500 | time: 18.09 s
Processed batch 138/692 | batch size: 500 | time: 16.98 s
Processed batch 139/692 | batch size: 500 | time: 16.88 s
Processed batch 140/692 | batch size: 500 | time: 16.85 s
Processed batch 141/692 | batch size: 500 | time: 17.66 s
Processed batch 142/692 | batch size: 500 | time: 17.17 s
Processed batch 143/692 | batch size: 500 | time: 17.58 s
Processed batch 144/692 | batch size: 500 | time: 17.19 s
Processed batch 145/692 | batch size: 500 | time: 17.80 s
Processed batch 146/692 | batch size: 500 | time: 16.97 s
Processed batch 147/692 | batch size: 500 | time: 17.45 s
Processed batch 148/692 | batch size: 500 | time: 18.22 s
Processed batch 149/692 | batch size: 500 | time: 18.17 s
Processed batch 150/692 | batch size: 500 | time: 18.01 s
Processed batch 151/692 | batch size: 500 | time: 18.34 s
Processed batch 152/692 | batch size: 500 | time: 18.16 s
Processed batch 153/692 | batch size: 500 | time: 16.99 s
Processed batch 154/692 | batch size: 500 | time: 23.45 s
Processed batch 155/692 | batch size: 500 | time: 18.06 s
Processed batch 156/692 | batch size: 500 | time: 18.20 s
Processed batch 157/692 | batch size: 500 | time: 17.72 s
Processed batch 158/692 | batch size: 500 | time: 18.14 s
Processed batch 159/692 | batch size: 500 | time: 18.80 s
Processed batch 160/692 | batch size: 500 | time: 16.98 s
Processed batch 161/692 | batch size: 500 | time: 18.96 s
Processed batch 162/692 | batch size: 500 | time: 18.89 s
Processed batch 163/692 | batch size: 500 | time: 18.56 s
Processed batch 164/692 | batch size: 500 | time: 19.18 s
Processed batch 165/692 | batch size: 500 | time: 18.30 s
Processed batch 166/692 | batch size: 500 | time: 18.43 s
Processed batch 167/692 | batch size: 500 | time: 18.25 s
Processed batch 168/692 | batch size: 500 | time: 18.58 s
Processed batch 169/692 | batch size: 500 | time: 19.58 s
Processed batch 170/692 | batch size: 500 | time: 20.30 s
Processed batch 171/692 | batch size: 500 | time: 20.21 s
Processed batch 172/692 | batch size: 500 | time: 18.92 s
Processed batch 173/692 | batch size: 500 | time: 25.76 s
Processed batch 174/692 | batch size: 500 | time: 18.57 s
Processed batch 175/692 | batch size: 500 | time: 19.49 s
Processed batch 176/692 | batch size: 500 | time: 20.10 s
Processed batch 177/692 | batch size: 500 | time: 18.90 s
Processed batch 178/692 | batch size: 500 | time: 19.60 s
Processed batch 179/692 | batch size: 500 | time: 19.23 s
Processed batch 180/692 | batch size: 500 | time: 19.85 s
Processed batch 181/692 | batch size: 500 | time: 20.24 s
Processed batch 182/692 | batch size: 500 | time: 20.50 s
Processed batch 183/692 | batch size: 500 | time: 20.15 s
Processed batch 184/692 | batch size: 500 | time: 19.53 s
Processed batch 185/692 | batch size: 500 | time: 19.90 s
Processed batch 186/692 | batch size: 500 | time: 19.97 s
Processed batch 187/692 | batch size: 500 | time: 20.06 s
Processed batch 188/692 | batch size: 500 | time: 20.45 s
Processed batch 189/692 | batch size: 500 | time: 19.67 s
Processed batch 190/692 | batch size: 500 | time: 20.39 s
Processed batch 191/692 | batch size: 500 | time: 20.34 s
Processed batch 192/692 | batch size: 500 | time: 19.87 s
Processed batch 193/692 | batch size: 500 | time: 20.87 s
Processed batch 194/692 | batch size: 500 | time: 20.94 s
Processed batch 195/692 | batch size: 500 | time: 26.90 s
Processed batch 196/692 | batch size: 500 | time: 20.72 s
Processed batch 197/692 | batch size: 500 | time: 20.92 s
Processed batch 198/692 | batch size: 500 | time: 20.84 s
Processed batch 199/692 | batch size: 500 | time: 21.33 s
Processed batch 200/692 | batch size: 500 | time: 20.84 s
Processed batch 201/692 | batch size: 500 | time: 20.66 s
Processed batch 202/692 | batch size: 500 | time: 20.74 s
Processed batch 203/692 | batch size: 500 | time: 20.46 s
Processed batch 204/692 | batch size: 500 | time: 23.03 s
Processed batch 205/692 | batch size: 500 | time: 21.67 s
Processed batch 206/692 | batch size: 500 | time: 21.02 s
Processed batch 207/692 | batch size: 500 | time: 21.47 s
Processed batch 208/692 | batch size: 500 | time: 22.18 s
Processed batch 209/692 | batch size: 500 | time: 21.59 s
Processed batch 210/692 | batch size: 500 | time: 21.01 s
Processed batch 211/692 | batch size: 500 | time: 22.09 s
Processed batch 212/692 | batch size: 500 | time: 20.57 s
Processed batch 213/692 | batch size: 500 | time: 21.92 s
Processed batch 214/692 | batch size: 500 | time: 21.70 s
Processed batch 215/692 | batch size: 500 | time: 21.05 s
Processed batch 216/692 | batch size: 500 | time: 21.35 s
Processed batch 217/692 | batch size: 500 | time: 22.21 s
Processed batch 218/692 | batch size: 500 | time: 23.03 s
Processed batch 219/692 | batch size: 500 | time: 22.24 s
Processed batch 220/692 | batch size: 500 | time: 21.60 s
Processed batch 221/692 | batch size: 500 | time: 21.58 s
Processed batch 222/692 | batch size: 500 | time: 30.20 s
Processed batch 223/692 | batch size: 500 | time: 22.12 s
Processed batch 224/692 | batch size: 500 | time: 22.47 s
Processed batch 225/692 | batch size: 500 | time: 23.50 s
Processed batch 226/692 | batch size: 500 | time: 22.43 s
Processed batch 227/692 | batch size: 500 | time: 22.62 s
Processed batch 228/692 | batch size: 500 | time: 22.36 s
Processed batch 229/692 | batch size: 500 | time: 22.06 s
Processed batch 230/692 | batch size: 500 | time: 21.77 s
Processed batch 231/692 | batch size: 500 | time: 22.89 s
Processed batch 232/692 | batch size: 500 | time: 22.25 s
Processed batch 233/692 | batch size: 500 | time: 22.33 s
Processed batch 234/692 | batch size: 500 | time: 22.39 s
Processed batch 235/692 | batch size: 500 | time: 22.47 s
Processed batch 236/692 | batch size: 500 | time: 22.07 s
Processed batch 237/692 | batch size: 500 | time: 29.09 s
Processed batch 238/692 | batch size: 500 | time: 27.14 s
Processed batch 239/692 | batch size: 500 | time: 27.91 s
Processed batch 240/692 | batch size: 500 | time: 27.56 s
Processed batch 241/692 | batch size: 500 | time: 28.23 s
Processed batch 242/692 | batch size: 500 | time: 24.70 s
Processed batch 243/692 | batch size: 500 | time: 29.59 s
Processed batch 244/692 | batch size: 500 | time: 24.56 s
Processed batch 245/692 | batch size: 500 | time: 30.08 s
Processed batch 246/692 | batch size: 500 | time: 28.04 s
Processed batch 247/692 | batch size: 500 | time: 29.96 s
Processed batch 248/692 | batch size: 500 | time: 28.47 s
Processed batch 249/692 | batch size: 500 | time: 25.52 s
Processed batch 250/692 | batch size: 500 | time: 25.43 s
Processed batch 251/692 | batch size: 500 | time: 25.41 s
Processed batch 252/692 | batch size: 500 | time: 34.29 s
Processed batch 253/692 | batch size: 500 | time: 25.32 s
Processed batch 254/692 | batch size: 500 | time: 25.39 s
Processed batch 255/692 | batch size: 500 | time: 24.71 s
Processed batch 256/692 | batch size: 500 | time: 25.76 s
Processed batch 257/692 | batch size: 500 | time: 24.97 s
Processed batch 258/692 | batch size: 500 | time: 25.75 s
Processed batch 259/692 | batch size: 500 | time: 26.48 s
Processed batch 260/692 | batch size: 500 | time: 25.84 s
Processed batch 261/692 | batch size: 500 | time: 25.70 s
Processed batch 262/692 | batch size: 500 | time: 29.37 s
Processed batch 263/692 | batch size: 500 | time: 29.22 s
Processed batch 264/692 | batch size: 500 | time: 29.52 s
Processed batch 265/692 | batch size: 500 | time: 31.03 s
Processed batch 266/692 | batch size: 500 | time: 29.70 s
Processed batch 267/692 | batch size: 500 | time: 30.12 s
Processed batch 268/692 | batch size: 500 | time: 30.82 s
Processed batch 269/692 | batch size: 500 | time: 29.92 s
Processed batch 270/692 | batch size: 500 | time: 30.91 s
Processed batch 271/692 | batch size: 500 | time: 26.77 s
Processed batch 272/692 | batch size: 500 | time: 26.98 s
Processed batch 273/692 | batch size: 500 | time: 28.29 s
Processed batch 274/692 | batch size: 500 | time: 30.12 s
Processed batch 275/692 | batch size: 500 | time: 32.96 s
Processed batch 276/692 | batch size: 500 | time: 29.84 s
Processed batch 277/692 | batch size: 500 | time: 27.95 s
Processed batch 278/692 | batch size: 500 | time: 28.28 s
Processed batch 279/692 | batch size: 500 | time: 28.00 s
Processed batch 280/692 | batch size: 500 | time: 27.71 s
Processed batch 281/692 | batch size: 500 | time: 28.20 s
Processed batch 282/692 | batch size: 500 | time: 28.51 s
Processed batch 283/692 | batch size: 500 | time: 32.80 s
Processed batch 284/692 | batch size: 500 | time: 33.41 s
Processed batch 285/692 | batch size: 500 | time: 28.32 s
Processed batch 286/692 | batch size: 500 | time: 28.35 s
Processed batch 287/692 | batch size: 500 | time: 40.12 s
Processed batch 288/692 | batch size: 500 | time: 27.18 s
Processed batch 289/692 | batch size: 500 | time: 28.51 s
Processed batch 290/692 | batch size: 500 | time: 29.51 s
Processed batch 291/692 | batch size: 500 | time: 28.24 s
Processed batch 292/692 | batch size: 500 | time: 27.99 s
Processed batch 293/692 | batch size: 500 | time: 27.45 s
Processed batch 294/692 | batch size: 500 | time: 29.08 s
Processed batch 295/692 | batch size: 500 | time: 28.64 s
Processed batch 296/692 | batch size: 500 | time: 29.38 s
Processed batch 297/692 | batch size: 500 | time: 33.92 s
Processed batch 298/692 | batch size: 500 | time: 33.30 s
Processed batch 299/692 | batch size: 500 | time: 31.61 s
Processed batch 300/692 | batch size: 500 | time: 32.81 s
Processed batch 301/692 | batch size: 500 | time: 28.15 s
Processed batch 302/692 | batch size: 500 | time: 28.08 s
Processed batch 303/692 | batch size: 500 | time: 28.40 s
Processed batch 304/692 | batch size: 500 | time: 29.26 s
Processed batch 305/692 | batch size: 500 | time: 28.90 s
Processed batch 306/692 | batch size: 500 | time: 28.61 s
Processed batch 307/692 | batch size: 500 | time: 33.94 s
Processed batch 308/692 | batch size: 500 | time: 28.94 s
Processed batch 309/692 | batch size: 500 | time: 28.49 s
Processed batch 310/692 | batch size: 500 | time: 29.58 s
Processed batch 311/692 | batch size: 500 | time: 29.79 s
Processed batch 312/692 | batch size: 500 | time: 30.09 s
Processed batch 313/692 | batch size: 500 | time: 34.74 s
Processed batch 314/692 | batch size: 500 | time: 34.79 s
Processed batch 315/692 | batch size: 500 | time: 29.91 s
Processed batch 316/692 | batch size: 500 | time: 29.34 s
Processed batch 317/692 | batch size: 500 | time: 31.21 s
Processed batch 318/692 | batch size: 500 | time: 28.83 s
Processed batch 319/692 | batch size: 500 | time: 29.31 s
Processed batch 320/692 | batch size: 500 | time: 29.35 s
Processed batch 321/692 | batch size: 500 | time: 29.45 s
Processed batch 322/692 | batch size: 500 | time: 30.50 s
Processed batch 323/692 | batch size: 500 | time: 34.63 s
Processed batch 324/692 | batch size: 500 | time: 30.36 s
Processed batch 325/692 | batch size: 500 | time: 31.60 s
Processed batch 326/692 | batch size: 500 | time: 28.75 s
Processed batch 327/692 | batch size: 500 | time: 44.39 s
Processed batch 328/692 | batch size: 500 | time: 29.77 s
Processed batch 329/692 | batch size: 500 | time: 30.85 s
Processed batch 330/692 | batch size: 500 | time: 30.25 s
Processed batch 331/692 | batch size: 500 | time: 30.96 s
Processed batch 332/692 | batch size: 500 | time: 31.28 s
Processed batch 333/692 | batch size: 500 | time: 31.05 s
Processed batch 334/692 | batch size: 500 | time: 30.63 s
Processed batch 335/692 | batch size: 500 | time: 31.25 s
Processed batch 336/692 | batch size: 500 | time: 30.89 s
Processed batch 337/692 | batch size: 500 | time: 30.73 s
Processed batch 338/692 | batch size: 500 | time: 29.92 s
Processed batch 339/692 | batch size: 500 | time: 31.05 s
Processed batch 340/692 | batch size: 500 | time: 30.52 s
Processed batch 341/692 | batch size: 500 | time: 30.18 s
Processed batch 342/692 | batch size: 500 | time: 31.48 s
Processed batch 343/692 | batch size: 500 | time: 30.40 s
Processed batch 344/692 | batch size: 500 | time: 31.68 s
Processed batch 345/692 | batch size: 500 | time: 31.05 s
Processed batch 346/692 | batch size: 500 | time: 30.97 s
Processed batch 347/692 | batch size: 500 | time: 30.54 s
Processed batch 348/692 | batch size: 500 | time: 31.91 s
Processed batch 349/692 | batch size: 500 | time: 31.38 s
Processed batch 350/692 | batch size: 500 | time: 32.96 s
Processed batch 351/692 | batch size: 500 | time: 30.97 s
Processed batch 352/692 | batch size: 500 | time: 32.19 s
Processed batch 353/692 | batch size: 500 | time: 31.41 s
Processed batch 354/692 | batch size: 500 | time: 36.98 s
Processed batch 355/692 | batch size: 500 | time: 36.02 s
Processed batch 356/692 | batch size: 500 | time: 36.21 s
Processed batch 357/692 | batch size: 500 | time: 31.66 s
Processed batch 358/692 | batch size: 500 | time: 32.07 s
Processed batch 359/692 | batch size: 500 | time: 31.85 s
Processed batch 360/692 | batch size: 500 | time: 31.89 s
Processed batch 361/692 | batch size: 500 | time: 32.83 s
Processed batch 362/692 | batch size: 500 | time: 32.72 s
Processed batch 363/692 | batch size: 500 | time: 38.60 s
Processed batch 364/692 | batch size: 500 | time: 37.99 s
Processed batch 365/692 | batch size: 500 | time: 36.92 s
Processed batch 366/692 | batch size: 500 | time: 38.99 s
Processed batch 367/692 | batch size: 500 | time: 38.95 s
Processed batch 368/692 | batch size: 500 | time: 32.64 s
Processed batch 369/692 | batch size: 500 | time: 34.20 s
Processed batch 370/692 | batch size: 500 | time: 57.77 s
Processed batch 371/692 | batch size: 500 | time: 34.23 s
Processed batch 372/692 | batch size: 500 | time: 35.22 s
Processed batch 373/692 | batch size: 500 | time: 35.14 s
Processed batch 374/692 | batch size: 500 | time: 35.93 s
Processed batch 375/692 | batch size: 500 | time: 36.50 s
Processed batch 376/692 | batch size: 500 | time: 41.22 s
Processed batch 377/692 | batch size: 500 | time: 42.03 s
Processed batch 378/692 | batch size: 500 | time: 41.21 s
Processed batch 379/692 | batch size: 500 | time: 40.15 s
Processed batch 380/692 | batch size: 500 | time: 37.00 s
Processed batch 381/692 | batch size: 500 | time: 36.99 s
Processed batch 382/692 | batch size: 500 | time: 37.04 s
Processed batch 383/692 | batch size: 500 | time: 44.19 s
Processed batch 384/692 | batch size: 500 | time: 43.72 s
Processed batch 385/692 | batch size: 500 | time: 38.14 s
Processed batch 386/692 | batch size: 500 | time: 38.98 s
Processed batch 387/692 | batch size: 500 | time: 41.93 s
Processed batch 388/692 | batch size: 500 | time: 42.09 s
Processed batch 389/692 | batch size: 500 | time: 42.18 s
Processed batch 390/692 | batch size: 500 | time: 42.67 s
Processed batch 391/692 | batch size: 500 | time: 38.36 s
Processed batch 392/692 | batch size: 500 | time: 43.80 s
Processed batch 393/692 | batch size: 500 | time: 38.59 s
Processed batch 394/692 | batch size: 500 | time: 37.72 s
Processed batch 395/692 | batch size: 500 | time: 37.83 s
Processed batch 396/692 | batch size: 500 | time: 37.68 s
Processed batch 397/692 | batch size: 500 | time: 44.09 s
Processed batch 398/692 | batch size: 500 | time: 42.78 s
Processed batch 399/692 | batch size: 500 | time: 43.61 s
Processed batch 400/692 | batch size: 500 | time: 42.49 s
Processed batch 401/692 | batch size: 500 | time: 42.94 s
Processed batch 402/692 | batch size: 500 | time: 44.60 s
Processed batch 403/692 | batch size: 500 | time: 38.92 s
Processed batch 404/692 | batch size: 500 | time: 38.75 s
Processed batch 405/692 | batch size: 500 | time: 45.06 s
Processed batch 406/692 | batch size: 500 | time: 44.73 s
Processed batch 407/692 | batch size: 500 | time: 43.54 s
Processed batch 408/692 | batch size: 500 | time: 44.47 s
Processed batch 409/692 | batch size: 500 | time: 39.03 s
Processed batch 410/692 | batch size: 500 | time: 44.10 s
Processed batch 411/692 | batch size: 500 | time: 39.16 s
Processed batch 412/692 | batch size: 500 | time: 39.43 s
Processed batch 413/692 | batch size: 500 | time: 38.22 s
Processed batch 414/692 | batch size: 500 | time: 38.46 s
Processed batch 415/692 | batch size: 500 | time: 44.91 s
Processed batch 416/692 | batch size: 500 | time: 43.28 s
Processed batch 417/692 | batch size: 500 | time: 38.51 s
Processed batch 418/692 | batch size: 500 | time: 37.10 s
Processed batch 419/692 | batch size: 500 | time: 64.03 s
Processed batch 420/692 | batch size: 500 | time: 42.67 s
Processed batch 421/692 | batch size: 500 | time: 40.75 s
Processed batch 422/692 | batch size: 500 | time: 41.84 s
Processed batch 423/692 | batch size: 500 | time: 40.23 s
Processed batch 424/692 | batch size: 500 | time: 39.33 s
Processed batch 425/692 | batch size: 500 | time: 41.17 s
Processed batch 426/692 | batch size: 500 | time: 42.01 s
Processed batch 427/692 | batch size: 500 | time: 42.09 s
Processed batch 428/692 | batch size: 500 | time: 43.64 s
Processed batch 429/692 | batch size: 500 | time: 42.68 s
Processed batch 430/692 | batch size: 500 | time: 42.16 s
Processed batch 431/692 | batch size: 500 | time: 41.50 s
Processed batch 432/692 | batch size: 500 | time: 42.36 s
Processed batch 433/692 | batch size: 500 | time: 45.38 s
Processed batch 434/692 | batch size: 500 | time: 43.22 s
Processed batch 435/692 | batch size: 500 | time: 43.87 s
Processed batch 436/692 | batch size: 500 | time: 43.85 s
Processed batch 437/692 | batch size: 500 | time: 43.24 s
Processed batch 438/692 | batch size: 500 | time: 44.16 s
Processed batch 439/692 | batch size: 500 | time: 46.56 s
Processed batch 440/692 | batch size: 500 | time: 45.22 s
Processed batch 441/692 | batch size: 500 | time: 44.47 s
Processed batch 442/692 | batch size: 500 | time: 44.90 s
Processed batch 443/692 | batch size: 500 | time: 43.36 s
Processed batch 444/692 | batch size: 500 | time: 45.30 s
Processed batch 445/692 | batch size: 500 | time: 45.15 s
Processed batch 446/692 | batch size: 500 | time: 45.76 s
Processed batch 447/692 | batch size: 500 | time: 45.88 s
Processed batch 448/692 | batch size: 500 | time: 45.31 s
Processed batch 449/692 | batch size: 500 | time: 47.15 s
Processed batch 450/692 | batch size: 500 | time: 43.80 s
Processed batch 451/692 | batch size: 500 | time: 45.87 s
Processed batch 452/692 | batch size: 500 | time: 45.85 s
Processed batch 453/692 | batch size: 500 | time: 45.29 s
Processed batch 454/692 | batch size: 500 | time: 45.34 s
Processed batch 455/692 | batch size: 500 | time: 47.00 s
Processed batch 456/692 | batch size: 500 | time: 45.23 s
Processed batch 457/692 | batch size: 500 | time: 45.64 s
Processed batch 458/692 | batch size: 500 | time: 47.28 s
Processed batch 459/692 | batch size: 500 | time: 44.25 s
Processed batch 460/692 | batch size: 500 | time: 45.15 s
Processed batch 461/692 | batch size: 500 | time: 46.47 s
Processed batch 462/692 | batch size: 500 | time: 46.13 s
Processed batch 463/692 | batch size: 500 | time: 47.55 s
Processed batch 464/692 | batch size: 500 | time: 46.55 s
Processed batch 465/692 | batch size: 500 | time: 47.94 s
Processed batch 466/692 | batch size: 500 | time: 48.37 s
Processed batch 467/692 | batch size: 500 | time: 46.68 s
Processed batch 468/692 | batch size: 500 | time: 47.28 s
Processed batch 469/692 | batch size: 500 | time: 48.15 s
Processed batch 470/692 | batch size: 500 | time: 46.98 s
Processed batch 471/692 | batch size: 500 | time: 47.74 s
Processed batch 472/692 | batch size: 500 | time: 47.46 s
Processed batch 473/692 | batch size: 500 | time: 47.72 s
Processed batch 474/692 | batch size: 500 | time: 48.17 s
Processed batch 475/692 | batch size: 500 | time: 48.24 s
Processed batch 476/692 | batch size: 500 | time: 73.12 s
Processed batch 477/692 | batch size: 500 | time: 37.72 s
Processed batch 478/692 | batch size: 500 | time: 35.82 s
Processed batch 479/692 | batch size: 500 | time: 38.75 s
Processed batch 480/692 | batch size: 500 | time: 38.48 s
Processed batch 481/692 | batch size: 500 | time: 38.17 s
Processed batch 482/692 | batch size: 500 | time: 38.49 s
Processed batch 483/692 | batch size: 500 | time: 40.36 s
Processed batch 484/692 | batch size: 500 | time: 37.28 s
Processed batch 485/692 | batch size: 500 | time: 37.27 s
Processed batch 486/692 | batch size: 500 | time: 37.99 s
Processed batch 487/692 | batch size: 500 | time: 37.36 s
Processed batch 488/692 | batch size: 500 | time: 37.64 s
Processed batch 489/692 | batch size: 500 | time: 38.93 s
Processed batch 490/692 | batch size: 500 | time: 39.58 s
Processed batch 491/692 | batch size: 500 | time: 44.76 s
Processed batch 492/692 | batch size: 500 | time: 45.55 s
Processed batch 493/692 | batch size: 500 | time: 39.46 s
Processed batch 494/692 | batch size: 500 | time: 45.91 s
Processed batch 495/692 | batch size: 500 | time: 44.39 s
Processed batch 496/692 | batch size: 500 | time: 46.38 s
Processed batch 497/692 | batch size: 500 | time: 38.67 s
Processed batch 498/692 | batch size: 500 | time: 45.76 s
Processed batch 499/692 | batch size: 500 | time: 39.39 s
Processed batch 500/692 | batch size: 500 | time: 38.75 s
Processed batch 501/692 | batch size: 500 | time: 45.58 s
Processed batch 502/692 | batch size: 500 | time: 44.64 s
Processed batch 503/692 | batch size: 500 | time: 45.82 s
Processed batch 504/692 | batch size: 500 | time: 38.61 s
Processed batch 505/692 | batch size: 500 | time: 46.05 s
Processed batch 506/692 | batch size: 500 | time: 45.85 s
Processed batch 507/692 | batch size: 500 | time: 43.34 s
Processed batch 508/692 | batch size: 500 | time: 39.34 s
Processed batch 509/692 | batch size: 500 | time: 40.91 s
Processed batch 510/692 | batch size: 500 | time: 39.99 s
Processed batch 511/692 | batch size: 500 | time: 45.62 s
Processed batch 512/692 | batch size: 500 | time: 39.98 s
Processed batch 513/692 | batch size: 500 | time: 39.24 s
Processed batch 514/692 | batch size: 500 | time: 40.02 s
Processed batch 515/692 | batch size: 500 | time: 40.80 s
Processed batch 516/692 | batch size: 500 | time: 40.90 s
Processed batch 517/692 | batch size: 500 | time: 40.30 s
Processed batch 518/692 | batch size: 500 | time: 40.23 s
Processed batch 519/692 | batch size: 500 | time: 45.88 s
Processed batch 520/692 | batch size: 500 | time: 46.64 s
Processed batch 521/692 | batch size: 500 | time: 47.01 s
Processed batch 522/692 | batch size: 500 | time: 46.81 s
Processed batch 523/692 | batch size: 500 | time: 47.31 s
Processed batch 524/692 | batch size: 500 | time: 46.33 s
Processed batch 525/692 | batch size: 500 | time: 48.21 s
Processed batch 526/692 | batch size: 500 | time: 47.89 s
Processed batch 527/692 | batch size: 500 | time: 48.38 s
Processed batch 528/692 | batch size: 500 | time: 48.91 s
Processed batch 529/692 | batch size: 500 | time: 42.85 s
Processed batch 530/692 | batch size: 500 | time: 41.87 s
Processed batch 531/692 | batch size: 500 | time: 42.31 s
Processed batch 532/692 | batch size: 500 | time: 42.21 s
Processed batch 533/692 | batch size: 500 | time: 41.88 s
Processed batch 534/692 | batch size: 500 | time: 40.65 s
Processed batch 535/692 | batch size: 500 | time: 41.10 s
Processed batch 536/692 | batch size: 500 | time: 46.35 s
Processed batch 537/692 | batch size: 500 | time: 48.26 s
Processed batch 538/692 | batch size: 500 | time: 40.53 s
Processed batch 539/692 | batch size: 500 | time: 41.34 s
Processed batch 540/692 | batch size: 500 | time: 43.11 s
Processed batch 541/692 | batch size: 500 | time: 70.56 s
Processed batch 542/692 | batch size: 500 | time: 41.51 s
Processed batch 543/692 | batch size: 500 | time: 41.88 s
Processed batch 544/692 | batch size: 500 | time: 41.69 s
Processed batch 545/692 | batch size: 500 | time: 48.51 s
Processed batch 546/692 | batch size: 500 | time: 41.65 s
Processed batch 547/692 | batch size: 500 | time: 42.09 s
Processed batch 548/692 | batch size: 500 | time: 49.06 s
Processed batch 549/692 | batch size: 500 | time: 48.80 s
Processed batch 550/692 | batch size: 500 | time: 48.78 s
Processed batch 551/692 | batch size: 500 | time: 42.78 s
Processed batch 552/692 | batch size: 500 | time: 42.63 s
Processed batch 553/692 | batch size: 500 | time: 51.18 s
Processed batch 554/692 | batch size: 500 | time: 50.47 s
Processed batch 555/692 | batch size: 500 | time: 50.59 s
Processed batch 556/692 | batch size: 500 | time: 50.10 s
Processed batch 557/692 | batch size: 500 | time: 49.99 s
Processed batch 558/692 | batch size: 500 | time: 42.96 s
Processed batch 559/692 | batch size: 500 | time: 51.67 s
Processed batch 560/692 | batch size: 500 | time: 50.67 s
Processed batch 561/692 | batch size: 500 | time: 44.46 s
Processed batch 562/692 | batch size: 500 | time: 43.30 s
Processed batch 563/692 | batch size: 500 | time: 42.58 s
Processed batch 564/692 | batch size: 500 | time: 45.64 s
Processed batch 565/692 | batch size: 500 | time: 45.35 s
Processed batch 566/692 | batch size: 500 | time: 50.94 s
Processed batch 567/692 | batch size: 500 | time: 50.39 s
Processed batch 568/692 | batch size: 500 | time: 49.26 s
Processed batch 569/692 | batch size: 500 | time: 50.25 s
Processed batch 570/692 | batch size: 500 | time: 51.61 s
Processed batch 571/692 | batch size: 500 | time: 51.37 s
Processed batch 572/692 | batch size: 500 | time: 50.79 s
Processed batch 573/692 | batch size: 500 | time: 51.14 s
Processed batch 574/692 | batch size: 500 | time: 51.08 s
Processed batch 575/692 | batch size: 500 | time: 45.37 s
Processed batch 576/692 | batch size: 500 | time: 45.07 s
Processed batch 577/692 | batch size: 500 | time: 51.74 s
Processed batch 578/692 | batch size: 500 | time: 46.62 s
Processed batch 579/692 | batch size: 500 | time: 51.83 s
Processed batch 580/692 | batch size: 500 | time: 51.01 s
Processed batch 581/692 | batch size: 500 | time: 50.75 s
Processed batch 582/692 | batch size: 500 | time: 44.10 s
Processed batch 583/692 | batch size: 500 | time: 46.36 s
Processed batch 584/692 | batch size: 500 | time: 45.45 s
Processed batch 585/692 | batch size: 500 | time: 46.59 s
Processed batch 586/692 | batch size: 500 | time: 44.98 s
Processed batch 587/692 | batch size: 500 | time: 54.47 s
Processed batch 588/692 | batch size: 500 | time: 46.44 s
Processed batch 589/692 | batch size: 500 | time: 51.94 s
Processed batch 590/692 | batch size: 500 | time: 45.55 s
Processed batch 591/692 | batch size: 500 | time: 54.08 s
Processed batch 592/692 | batch size: 500 | time: 52.18 s
Processed batch 593/692 | batch size: 500 | time: 47.16 s
Processed batch 594/692 | batch size: 500 | time: 52.77 s
Processed batch 595/692 | batch size: 500 | time: 53.03 s
Processed batch 596/692 | batch size: 500 | time: 52.27 s
Processed batch 597/692 | batch size: 500 | time: 46.21 s
Processed batch 598/692 | batch size: 500 | time: 47.93 s
Processed batch 599/692 | batch size: 500 | time: 47.25 s
Processed batch 600/692 | batch size: 500 | time: 52.55 s
Processed batch 601/692 | batch size: 500 | time: 54.65 s
Processed batch 602/692 | batch size: 500 | time: 52.71 s
Processed batch 603/692 | batch size: 500 | time: 53.04 s
Processed batch 604/692 | batch size: 500 | time: 54.91 s
Processed batch 605/692 | batch size: 500 | time: 54.31 s
Processed batch 606/692 | batch size: 500 | time: 52.58 s
Processed batch 607/692 | batch size: 500 | time: 53.88 s
Processed batch 608/692 | batch size: 500 | time: 54.16 s
Processed batch 609/692 | batch size: 500 | time: 54.78 s
Processed batch 610/692 | batch size: 500 | time: 53.25 s
Processed batch 611/692 | batch size: 500 | time: 54.53 s
Processed batch 612/692 | batch size: 500 | time: 53.27 s
Processed batch 613/692 | batch size: 500 | time: 91.28 s
Processed batch 614/692 | batch size: 500 | time: 45.86 s
Processed batch 615/692 | batch size: 500 | time: 46.40 s
Processed batch 616/692 | batch size: 500 | time: 45.77 s
Processed batch 617/692 | batch size: 500 | time: 46.74 s
Processed batch 618/692 | batch size: 500 | time: 47.03 s
Processed batch 619/692 | batch size: 500 | time: 45.13 s
Processed batch 620/692 | batch size: 500 | time: 45.96 s
Processed batch 621/692 | batch size: 500 | time: 46.49 s
Processed batch 622/692 | batch size: 500 | time: 45.44 s
Processed batch 623/692 | batch size: 500 | time: 46.44 s
Processed batch 624/692 | batch size: 500 | time: 47.00 s
Processed batch 625/692 | batch size: 500 | time: 45.15 s
Processed batch 626/692 | batch size: 500 | time: 47.19 s
Processed batch 627/692 | batch size: 500 | time: 47.27 s
Processed batch 628/692 | batch size: 500 | time: 45.91 s
Processed batch 629/692 | batch size: 500 | time: 46.18 s
Processed batch 630/692 | batch size: 500 | time: 47.16 s
Processed batch 631/692 | batch size: 500 | time: 47.01 s
Processed batch 632/692 | batch size: 500 | time: 46.88 s
Processed batch 633/692 | batch size: 500 | time: 46.92 s
Processed batch 634/692 | batch size: 500 | time: 46.98 s
Processed batch 635/692 | batch size: 500 | time: 47.18 s
Processed batch 636/692 | batch size: 500 | time: 46.36 s
Processed batch 637/692 | batch size: 500 | time: 47.85 s
Processed batch 638/692 | batch size: 500 | time: 46.86 s
Processed batch 639/692 | batch size: 500 | time: 46.24 s
Processed batch 640/692 | batch size: 500 | time: 46.51 s
Processed batch 641/692 | batch size: 500 | time: 47.10 s
Processed batch 642/692 | batch size: 500 | time: 46.38 s
Processed batch 643/692 | batch size: 500 | time: 45.85 s
Processed batch 644/692 | batch size: 500 | time: 47.27 s
Processed batch 645/692 | batch size: 500 | time: 48.56 s
Processed batch 646/692 | batch size: 500 | time: 46.52 s
Processed batch 647/692 | batch size: 500 | time: 48.39 s
Processed batch 648/692 | batch size: 500 | time: 47.33 s
Processed batch 649/692 | batch size: 500 | time: 47.26 s
Processed batch 650/692 | batch size: 500 | time: 46.24 s
Processed batch 651/692 | batch size: 500 | time: 48.37 s
Processed batch 652/692 | batch size: 500 | time: 48.87 s
Processed batch 653/692 | batch size: 500 | time: 47.98 s
Processed batch 654/692 | batch size: 500 | time: 49.17 s
Processed batch 655/692 | batch size: 500 | time: 48.22 s
Processed batch 656/692 | batch size: 500 | time: 48.27 s
Processed batch 657/692 | batch size: 500 | time: 48.80 s
Processed batch 658/692 | batch size: 500 | time: 47.43 s
Processed batch 659/692 | batch size: 500 | time: 46.67 s
Processed batch 660/692 | batch size: 500 | time: 47.01 s
Processed batch 661/692 | batch size: 500 | time: 48.83 s
Processed batch 662/692 | batch size: 500 | time: 48.04 s
Processed batch 663/692 | batch size: 500 | time: 47.29 s
Processed batch 664/692 | batch size: 500 | time: 47.31 s
Processed batch 665/692 | batch size: 500 | time: 47.80 s
Processed batch 666/692 | batch size: 500 | time: 47.97 s
Processed batch 667/692 | batch size: 500 | time: 47.95 s
Processed batch 668/692 | batch size: 500 | time: 48.36 s
Processed batch 669/692 | batch size: 500 | time: 47.54 s
Processed batch 670/692 | batch size: 500 | time: 49.83 s
Processed batch 671/692 | batch size: 500 | time: 48.73 s
Processed batch 672/692 | batch size: 500 | time: 48.28 s
Processed batch 673/692 | batch size: 500 | time: 48.61 s
Processed batch 674/692 | batch size: 500 | time: 49.09 s
Processed batch 675/692 | batch size: 500 | time: 50.01 s
Processed batch 676/692 | batch size: 500 | time: 49.96 s
Processed batch 677/692 | batch size: 500 | time: 49.74 s
Processed batch 678/692 | batch size: 500 | time: 49.63 s
Processed batch 679/692 | batch size: 500 | time: 49.93 s
Processed batch 680/692 | batch size: 500 | time: 49.93 s
Processed batch 681/692 | batch size: 500 | time: 48.84 s
Processed batch 682/692 | batch size: 500 | time: 48.75 s
Processed batch 683/692 | batch size: 500 | time: 48.93 s
Processed batch 684/692 | batch size: 500 | time: 49.72 s
Processed batch 685/692 | batch size: 500 | time: 49.47 s
Processed batch 686/692 | batch size: 500 | time: 49.68 s
Processed batch 687/692 | batch size: 500 | time: 49.56 s
Processed batch 688/692 | batch size: 500 | time: 50.07 s
Processed batch 689/692 | batch size: 500 | time: 49.31 s
Processed batch 690/692 | batch size: 500 | time: 49.28 s
Processed batch 691/692 | batch size: 500 | time: 48.54 s
Processed batch 692/692 | batch size: 321 | time: 75.50 s
Final unique predictions: 345821
Final merged dataframe shape: (345821, 106)
Saved final output to: /mnt/data.ese/nfs/users/sghosh6/DTRA_project/MACAW/DrugDesignData/Results/combinedEbolaVirus_bestMACAW_allDB/combinedEbolaVirusData_InosineSimilarstructures_DORAnetGenerated_ARTprediction_wToxicity.csv
Total runtime: 67826.09 seconds

